{"Losses/train_all_loss": 5.2633519644538564}
{"Losses/train_all_loss": 1.997662956515948}
{"Losses/train_all_loss": 4.148775254686673}
{"Losses/train_all_loss": 2.0262886782487235}
{"Losses/train_all_loss": 3.8502002507448196}
{"Losses/train_all_loss": 1.122198301057021}
{"Losses/train_all_loss": 4.577571738511324}
{"Losses/train_all_loss": 3.737642986079057}
{"Losses/train_all_loss": 3.503672279417515}
{"Losses/train_all_loss": 3.1957038144270578}
{"Losses/train_all_loss": 5.744587520758311}
{"Losses/train_all_loss": 4.074289505680402}
{"Losses/train_all_loss": 3.701878352711598}
{"Losses/train_all_loss": 1.990626538793246}
{"Losses/train_all_loss": 3.7793184568484626}
{"Losses/train_all_loss": 12.818828729291758}
{"Losses/train_all_loss": 4.370504319667816}
{"Losses/train_all_loss": 2.994333711763223}
{"Losses/train_all_loss": 2.1752815370758376}
{"Losses/train_all_loss": 3.4405662082135677}
{"Losses/train_all_loss": 4.003201087315877}
{"Losses/train_all_loss": 2.976475477218628}
{"Losses/train_all_loss": 4.475790940225124}
{"Losses/train_all_loss": 3.4616462712486586}
{"Losses/train_all_loss": 2.908258700122436}
{"Losses/train_all_loss": 2.5828827545046806}
{"Losses/train_all_loss": 3.3906989842653275}
{"Losses/train_all_loss": 1.7108345851302147}
{"Losses/train_all_loss": 3.249154075359305}
{"Losses/train_all_loss": 3.363196298480034}
{"Losses/train_all_loss": 3.29607642441988}
{"Losses/train_all_loss": 2.7479123398661613}
{"Losses/train_all_loss": 2.603177069996794}
{"Losses/train_all_loss": 3.377796368673444}
{"Losses/train_all_loss": 3.661449467142423}
{"Losses/train_all_loss": 2.6873532459139824}
{"Losses/train_all_loss": 4.931233527759711}
{"Losses/train_all_loss": 2.240589439868927}
{"Losses/train_all_loss": 3.599401529878378}
{"Losses/train_all_loss": 2.926059645911058}
{"Losses/train_all_loss": 3.461903584500154}
{"Losses/train_all_loss": 2.6111864310999713}
{"Losses/train_all_loss": 2.0539603667954602}
{"Losses/train_all_loss": 2.617517260213693}
{"Losses/train_all_loss": 4.446914459268252}
{"Losses/train_all_loss": 2.8470709286630154}
{"Losses/train_all_loss": 3.0680039152503014}
{"Losses/train_all_loss": 3.3185254770020642}
{"Losses/train_all_loss": 12.817962995419899}
{"Losses/train_all_loss": 2.4564221501350403}
{"Losses/train_all_loss": 2.3589065074920654}
{"Losses/train_all_loss": 2.066705753405889}
{"Losses/train_all_loss": 2.7706437185406685}
{"Losses/train_all_loss": 3.129866100847721}
{"Losses/train_all_loss": 2.616468731313944}
{"Losses/train_all_loss": 2.3882844472924867}
{"Losses/train_all_loss": 2.918555328001579}
{"Losses/train_all_loss": 1.6862703158209722}
{"Losses/train_all_loss": 3.3324010521173477}
{"Losses/train_all_loss": 2.656154125307997}
{"Losses/train_all_loss": 2.542967734237512}
{"Losses/train_all_loss": 2.374094625314077}
{"Losses/train_all_loss": 2.447902006407579}
{"Losses/train_all_loss": 11.326081786304712}
{"Losses/train_all_loss": 1.7476199424515169}
{"Losses/train_all_loss": 2.618402128418287}
{"Losses/train_all_loss": 2.9997272342443466}
{"Losses/train_all_loss": 8.044722707321247}
{"Losses/train_all_loss": 2.6837845792373023}
{"Losses/train_all_loss": 3.084281531473001}
{"Losses/train_all_loss": 2.77589413523674}
{"Losses/train_all_loss": 2.074148657421271}
{"Losses/train_all_loss": 2.7717537532250085}
{"Losses/train_all_loss": 3.295611227552096}
{"Losses/train_all_loss": 1.7322237851719062}
