{"Losses/train_all_loss": 6.337161938349406}
{"Losses/train_all_loss": 2.855547398328781}
{"Losses/train_all_loss": 5.320842236280441}
{"Losses/train_all_loss": 3.0162373011310897}
{"Losses/train_all_loss": 5.343563494582971}
{"Losses/train_all_loss": 1.1790503164132435}
{"Losses/train_all_loss": 5.004441889623801}
{"Losses/train_all_loss": 5.987514664729436}
{"Losses/train_all_loss": 3.485152361293634}
{"Losses/train_all_loss": 3.314742475748062}
{"Losses/train_all_loss": 6.059270069003105}
{"Losses/train_all_loss": 4.668891407549381}
{"Losses/train_all_loss": 3.5428573141495385}
{"Losses/train_all_loss": 2.121436096727848}
{"Losses/train_all_loss": 3.779247914751371}
{"Losses/train_all_loss": 12.96594961732626}
{"Losses/train_all_loss": 4.387248128652573}
{"Losses/train_all_loss": 2.9595889238019786}
{"Losses/train_all_loss": 2.4904306953152022}
{"Losses/train_all_loss": 4.0365263397494955}
{"Losses/train_all_loss": 4.322541271646817}
{"Losses/train_all_loss": 3.5144794632991156}
{"Losses/train_all_loss": 4.575033398965995}
{"Losses/train_all_loss": 3.2053786031901836}
{"Losses/train_all_loss": 3.5489796238640943}
{"Losses/train_all_loss": 3.1740492650618157}
{"Losses/train_all_loss": 3.629536190380653}
{"Losses/train_all_loss": 1.9178744678695996}
{"Losses/train_all_loss": 3.8897269554436207}
{"Losses/train_all_loss": 3.603722775975863}
{"Losses/train_all_loss": 2.6130722668021917}
{"Losses/train_all_loss": 3.1202610855301223}
{"Losses/train_all_loss": 2.760078504681587}
{"Losses/train_all_loss": 3.309618454426527}
{"Losses/train_all_loss": 4.681945815682411}
{"Losses/train_all_loss": 2.523779720067978}
{"Losses/train_all_loss": 5.591379555563132}
{"Losses/train_all_loss": 2.349106840789318}
{"Losses/train_all_loss": 4.111630758270621}
{"Losses/train_all_loss": 2.9591530027488866}
{"Losses/train_all_loss": 3.4802451158563295}
{"Losses/train_all_loss": 2.8417251060406366}
{"Losses/train_all_loss": 2.502914377798637}
{"Losses/train_all_loss": 2.228304664293925}
{"Losses/train_all_loss": 4.908412757019202}
{"Losses/train_all_loss": 2.685493500282367}
{"Losses/train_all_loss": 3.242656753708919}
{"Losses/train_all_loss": 3.5705876971284547}
{"Losses/train_all_loss": 12.252493203928074}
{"Losses/train_all_loss": 2.6129108890891075}
{"Losses/train_all_loss": 2.3923205013076463}
{"Losses/train_all_loss": 2.55277818441391}
{"Losses/train_all_loss": 3.0559771545231342}
{"Losses/train_all_loss": 3.2937228021522365}
{"Losses/train_all_loss": 2.666282944381237}
{"Losses/train_all_loss": 2.2724306769669056}
{"Losses/train_all_loss": 2.950342750797669}
{"Losses/train_all_loss": 1.7660907991230488}
{"Losses/train_all_loss": 3.3387389654914537}
{"Losses/train_all_loss": 2.6001062244176865}
{"Losses/train_all_loss": 2.64018564671278}
{"Losses/train_all_loss": 2.4057231371601424}
{"Losses/train_all_loss": 2.721459905306498}
{"Losses/train_all_loss": 11.366719044744968}
{"Losses/train_all_loss": 2.0759386780361333}
{"Losses/train_all_loss": 2.8602498012284436}
{"Losses/train_all_loss": 2.7092849537730217}
{"Losses/train_all_loss": 7.286170149842898}
{"Losses/train_all_loss": 2.6389260962605476}
{"Losses/train_all_loss": 3.318224268654982}
{"Losses/train_all_loss": 3.0057528788844743}
{"Losses/train_all_loss": 2.2445238903164864}
{"Losses/train_all_loss": 2.8255109240611396}
{"Losses/train_all_loss": 3.3317247008283934}
{"Losses/train_all_loss": 1.9552487842738628}
