{"Losses/train_all_loss": 5.368274442851543}
{"Losses/train_all_loss": 2.412414593001207}
{"Losses/train_all_loss": 4.529215648770332}
{"Losses/train_all_loss": 2.105293933302164}
{"Losses/train_all_loss": 3.977454366783301}
{"Losses/train_all_loss": 1.040496622522672}
{"Losses/train_all_loss": 5.254821201165517}
{"Losses/train_all_loss": 4.891131994624932}
{"Losses/train_all_loss": 3.4400295950472355}
{"Losses/train_all_loss": 3.282418392598629}
{"Losses/train_all_loss": 5.469904576738675}
{"Losses/train_all_loss": 4.084781773388386}
{"Losses/train_all_loss": 3.3200811247030892}
{"Losses/train_all_loss": 1.9532468765974045}
{"Losses/train_all_loss": 3.345764182507992}
{"Losses/train_all_loss": 12.571353522439798}
{"Losses/train_all_loss": 3.902703918516636}
{"Losses/train_all_loss": 2.8185649178922176}
{"Losses/train_all_loss": 2.2807649647196135}
{"Losses/train_all_loss": 3.26905125255386}
{"Losses/train_all_loss": 3.805308386683464}
{"Losses/train_all_loss": 3.0768563548723855}
{"Losses/train_all_loss": 4.3683241208394366}
{"Losses/train_all_loss": 3.5046185962855816}
{"Losses/train_all_loss": 2.9542827618618808}
{"Losses/train_all_loss": 2.745014630878965}
{"Losses/train_all_loss": 3.5533120843271413}
{"Losses/train_all_loss": 1.9306136916081111}
{"Losses/train_all_loss": 3.115884494036436}
{"Losses/train_all_loss": 2.990657394131025}
{"Losses/train_all_loss": 3.312221869826317}
{"Losses/train_all_loss": 2.897000513970852}
{"Losses/train_all_loss": 2.496702595924338}
{"Losses/train_all_loss": 3.217443730061253}
{"Losses/train_all_loss": 3.630354691296816}
{"Losses/train_all_loss": 2.4638696685433388}
{"Losses/train_all_loss": 4.482134570678075}
{"Losses/train_all_loss": 2.185099751998981}
{"Losses/train_all_loss": 4.059027843177319}
{"Losses/train_all_loss": 3.068356307844321}
{"Losses/train_all_loss": 3.9230096290508905}
{"Losses/train_all_loss": 2.3614681971569857}
{"Losses/train_all_loss": 2.1295795564850173}
{"Losses/train_all_loss": 2.188359214613835}
{"Losses/train_all_loss": 4.272523067891598}
{"Losses/train_all_loss": 2.7772362430890403}
{"Losses/train_all_loss": 2.8961613389352956}
{"Losses/train_all_loss": 3.3088155115644136}
{"Losses/train_all_loss": 12.858629072705904}
{"Losses/train_all_loss": 2.417925247301658}
{"Losses/train_all_loss": 2.220380531003078}
{"Losses/train_all_loss": 2.0466327046354613}
{"Losses/train_all_loss": 2.8173511189719043}
{"Losses/train_all_loss": 3.2525752559304237}
{"Losses/train_all_loss": 2.653218775987625}
{"Losses/train_all_loss": 2.3169747764865556}
{"Losses/train_all_loss": 2.6372267777721086}
{"Losses/train_all_loss": 1.8218467980623245}
{"Losses/train_all_loss": 3.531025509039561}
{"Losses/train_all_loss": 2.557013064622879}
{"Losses/train_all_loss": 2.3851129338145256}
{"Losses/train_all_loss": 2.210386760532856}
{"Losses/train_all_loss": 2.4172583321730294}
{"Losses/train_all_loss": 11.058099125822386}
{"Losses/train_all_loss": 1.7495401638249557}
{"Losses/train_all_loss": 2.6035380996763706}
{"Losses/train_all_loss": 3.2093671107043824}
{"Losses/train_all_loss": 4.949430339038372}
{"Losses/train_all_loss": 2.4456071332097054}
{"Losses/train_all_loss": 3.2587077716986337}
{"Losses/train_all_loss": 2.7133799716830254}
{"Losses/train_all_loss": 2.1502343229949474}
{"Losses/train_all_loss": 2.8239272609353065}
{"Losses/train_all_loss": 3.4999804546435676}
{"Losses/train_all_loss": 1.6758177528778713}
