{"Losses/train_all_loss": 4.4474479041316295}
{"Losses/train_all_loss": 5.417819852178747}
{"Losses/train_all_loss": 4.493148142641241}
{"Losses/train_all_loss": 3.2269810763272373}
{"Losses/train_all_loss": 3.5475814681161535}
{"Losses/train_all_loss": 4.209698601202532}
{"Losses/train_all_loss": 3.4025333252820102}
{"Losses/train_all_loss": 3.0394318760796026}
{"Losses/train_all_loss": 2.7933814349499615}
{"Losses/train_all_loss": 4.757539627226916}
{"Losses/train_all_loss": 3.637588292360306}
{"Losses/train_all_loss": 3.9100849330425262}
{"Losses/train_all_loss": 3.8252217160029844}
{"Losses/train_all_loss": 3.6805949929085644}
{"Losses/train_all_loss": 2.802814955061132}
{"Losses/train_all_loss": 3.9176617589863865}
{"Losses/train_all_loss": 2.3504093208096246}
{"Losses/train_all_loss": 3.8163167238235474}
{"Losses/train_all_loss": 3.1278543770313263}
{"Losses/train_all_loss": 2.289597388018261}
{"Losses/train_all_loss": 2.8171444453976373}
{"Losses/train_all_loss": 11.692731154235927}
{"Losses/train_all_loss": 5.686028786680915}
{"Losses/train_all_loss": 2.9591768844561144}
{"Losses/train_all_loss": 2.311935332688418}
{"Losses/train_all_loss": 2.6976497525518592}
{"Losses/train_all_loss": 4.747535353357142}
{"Losses/train_all_loss": 2.4203042618253012}
{"Losses/train_all_loss": 2.4279440329833464}
{"Losses/train_all_loss": 1.331390994516286}
{"Losses/train_all_loss": 4.352274278348142}
{"Losses/train_all_loss": 4.40687128088691}
{"Losses/train_all_loss": 1.6498557071794162}
{"Losses/train_all_loss": 2.0846150517463684}
{"Losses/train_all_loss": 3.0983678129586307}
{"Losses/train_all_loss": 2.4738830490545793}
{"Losses/train_all_loss": 2.873970927162604}
{"Losses/train_all_loss": 2.2302428700707178}
{"Losses/train_all_loss": 1.143749176101251}
{"Losses/train_all_loss": 24.00602914122018}
{"Losses/train_all_loss": 3.859633445739746}
{"Losses/train_all_loss": 1.2546336149627513}
{"Losses/train_all_loss": 3.8132438415830787}
{"Losses/train_all_loss": 2.373630082065409}
{"Losses/train_all_loss": 2.4215331213040785}
{"Losses/train_all_loss": 1.996221899986267}
{"Losses/train_all_loss": 2.0857096775011583}
{"Losses/train_all_loss": 2.2312460338527504}
{"Losses/train_all_loss": 2.833718778057532}
{"Losses/train_all_loss": 3.3596250983801754}
{"Losses/train_all_loss": 1.7591025626117534}
{"Losses/train_all_loss": 3.8859340060840952}
{"Losses/train_all_loss": 3.2942744398658927}
{"Losses/train_all_loss": 2.902416930957274}
{"Losses/train_all_loss": 2.260330152782527}
{"Losses/train_all_loss": 2.02029170637781}
{"Losses/train_all_loss": 2.3001802455295217}
{"Losses/train_all_loss": 2.7565089382908563}
{"Losses/train_all_loss": 3.2307459820400584}
{"Losses/train_all_loss": 2.1698329231955786}
{"Losses/train_all_loss": 2.1994166618043725}
{"Losses/train_all_loss": 2.575020183216442}
{"Losses/train_all_loss": 2.810771942138672}
{"Losses/train_all_loss": 2.2348829101432455}
{"Losses/train_all_loss": 2.562821936878291}
{"Losses/train_all_loss": 2.5673015144738285}
{"Losses/train_all_loss": 2.5553211027925666}
{"Losses/train_all_loss": 2.386272368105975}
{"Losses/train_all_loss": 1.0438632240349597}
{"Losses/train_all_loss": 1.9150751544670626}
{"Losses/train_all_loss": 2.1418006948449393}
{"Losses/train_all_loss": 3.096574479883367}
{"Losses/train_all_loss": 1.8486823791807347}
{"Losses/train_all_loss": 3.039502027359876}
{"Losses/train_all_loss": 2.225667338479649}
