{"Losses/train_all_loss": 3.6257646133502326}
{"Losses/train_all_loss": 2.5994595562418303}
{"Losses/train_all_loss": 4.260298085709413}
{"Losses/train_all_loss": 2.7635563959678016}
{"Losses/train_all_loss": 4.293916267653306}
{"Losses/train_all_loss": 0.9519281933705012}
{"Losses/train_all_loss": 4.1674246191978455}
{"Losses/train_all_loss": 3.5301467006405196}
{"Losses/train_all_loss": 3.517454552153746}
{"Losses/train_all_loss": 3.0054370015859604}
{"Losses/train_all_loss": 5.1631863216559095}
{"Losses/train_all_loss": 3.586519074936708}
{"Losses/train_all_loss": 3.194690758983294}
{"Losses/train_all_loss": 2.037934072315693}
{"Losses/train_all_loss": 2.8148570296665034}
{"Losses/train_all_loss": 12.854618201653162}
{"Losses/train_all_loss": 4.047938930491607}
{"Losses/train_all_loss": 2.7276334973673024}
{"Losses/train_all_loss": 1.9261315663655598}
{"Losses/train_all_loss": 3.1253647009531655}
{"Losses/train_all_loss": 4.397138987978299}
{"Losses/train_all_loss": 3.772283044954141}
{"Losses/train_all_loss": 4.267505499223868}
{"Losses/train_all_loss": 3.0284400805830956}
{"Losses/train_all_loss": 2.967756142218908}
{"Losses/train_all_loss": 2.329390112310648}
{"Losses/train_all_loss": 3.0009472904105983}
{"Losses/train_all_loss": 1.4610631590088208}
{"Losses/train_all_loss": 4.131768947467208}
{"Losses/train_all_loss": 3.0301350243389606}
{"Losses/train_all_loss": 3.8219635064403215}
{"Losses/train_all_loss": 2.8298954417308173}
{"Losses/train_all_loss": 2.419611136118571}
{"Losses/train_all_loss": 3.168185534576575}
{"Losses/train_all_loss": 3.742304199685653}
{"Losses/train_all_loss": 2.5104560715456805}
{"Losses/train_all_loss": 4.803056952853997}
{"Losses/train_all_loss": 1.9957431306441624}
{"Losses/train_all_loss": 4.671923807511727}
{"Losses/train_all_loss": 2.911146571238836}
{"Losses/train_all_loss": 3.7886039465665817}
{"Losses/train_all_loss": 2.510158997029066}
{"Losses/train_all_loss": 2.366607692092657}
{"Losses/train_all_loss": 2.1657529454678297}
{"Losses/train_all_loss": 4.759745638817549}
{"Losses/train_all_loss": 2.7497655376791954}
{"Losses/train_all_loss": 3.081046510487795}
{"Losses/train_all_loss": 2.729197452465693}
{"Losses/train_all_loss": 12.065177045762539}
{"Losses/train_all_loss": 2.4988765195012093}
{"Losses/train_all_loss": 2.2456636230150857}
{"Losses/train_all_loss": 2.0582000265518823}
{"Losses/train_all_loss": 2.9564826575418315}
{"Losses/train_all_loss": 2.7515271492302418}
{"Losses/train_all_loss": 2.2972775163749852}
{"Losses/train_all_loss": 2.189145639538765}
{"Losses/train_all_loss": 2.699954235305389}
{"Losses/train_all_loss": 1.622221124668916}
{"Losses/train_all_loss": 3.633601707716783}
{"Losses/train_all_loss": 2.666195333003998}
{"Losses/train_all_loss": 2.5282438111801944}
{"Losses/train_all_loss": 2.07383139928182}
{"Losses/train_all_loss": 2.0862469176451364}
{"Losses/train_all_loss": 11.074104023476442}
{"Losses/train_all_loss": 1.8828450764218967}
{"Losses/train_all_loss": 2.3552438654005527}
{"Losses/train_all_loss": 2.718820927043756}
{"Losses/train_all_loss": 7.629074600835641}
{"Losses/train_all_loss": 2.155179463326931}
{"Losses/train_all_loss": 3.1305444600681462}
{"Losses/train_all_loss": 2.72797429561615}
{"Losses/train_all_loss": 1.8868662143747013}
{"Losses/train_all_loss": 2.9249726136525473}
{"Losses/train_all_loss": 3.0152012358109155}
{"Losses/train_all_loss": 1.7781164447466533}
