{"Losses/train_all_loss": 15.911691402847117}
{"Losses/train_all_loss": 15.831077629869634}
{"Losses/train_all_loss": 3.9643360918218438}
{"Losses/train_all_loss": 3.8418391292745415}
{"Losses/train_all_loss": 4.190786762671038}
{"Losses/train_all_loss": 5.142083754593676}
{"Losses/train_all_loss": 2.8666950410062615}
{"Losses/train_all_loss": 2.6735384545542975}
{"Losses/train_all_loss": 4.680359786207026}
{"Losses/train_all_loss": 4.9014766622673385}
{"Losses/train_all_loss": 4.303437742319974}
{"Losses/train_all_loss": 4.333600732413205}
{"Losses/train_all_loss": 7.901009757410396}
{"Losses/train_all_loss": 7.9618097191507164}
{"Losses/train_all_loss": 3.420215843753381}
{"Losses/train_all_loss": 3.504735055294904}
{"Losses/train_all_loss": 2.7304524684494194}
{"Losses/train_all_loss": 2.60857848145745}
{"Losses/train_all_loss": 9.568251913244074}
{"Losses/train_all_loss": 4.1287947568026455}
{"Losses/train_all_loss": 3.537857884710485}
{"Losses/train_all_loss": 2.8385588851842014}
{"Losses/train_all_loss": 4.948197294365276}
{"Losses/train_all_loss": 5.053956411101601}
{"Losses/train_all_loss": 4.520021636377681}
{"Losses/train_all_loss": 4.314348643476313}
{"Losses/train_all_loss": 3.773856125094674}
{"Losses/train_all_loss": 4.347758222710002}
{"Losses/train_all_loss": 3.733602209524675}
{"Losses/train_all_loss": 3.3319521979852156}
{"Losses/train_all_loss": 4.088776322928342}
{"Losses/train_all_loss": 4.6231639087200165}
{"Losses/train_all_loss": 2.8391339697621087}
{"Losses/train_all_loss": 2.6650862206112254}
{"Losses/train_all_loss": 5.0086362280628896}
{"Losses/train_all_loss": 4.520476048642939}
{"Losses/train_all_loss": 3.2406774000688032}
{"Losses/train_all_loss": 3.6095156290314416}
{"Losses/train_all_loss": 3.2831505591219123}
{"Losses/train_all_loss": 4.11145398833535}
{"Losses/train_all_loss": 12.465960842641918}
{"Losses/train_all_loss": 2.897729816761884}
{"Losses/train_all_loss": 2.5264343836090783}
{"Losses/train_all_loss": 2.568398052995855}
{"Losses/train_all_loss": 3.9528085589408875}
{"Losses/train_all_loss": 4.037731409072876}
{"Losses/train_all_loss": 2.189584259282459}
{"Losses/train_all_loss": 2.3291474282741547}
{"Losses/train_all_loss": 3.121311432935975}
{"Losses/train_all_loss": 3.0438700433481825}
{"Losses/train_all_loss": 8.438325930725444}
{"Losses/train_all_loss": 8.152059005065398}
{"Losses/train_all_loss": 6.051257144321095}
{"Losses/train_all_loss": 5.282124232162129}
{"Losses/train_all_loss": 2.9858509627255527}
{"Losses/train_all_loss": 3.8451245616782797}
{"Losses/train_all_loss": 2.546310311014002}
{"Losses/train_all_loss": 2.5912879502231423}
{"Losses/train_all_loss": 1.738778301260688}
{"Losses/train_all_loss": 1.9272212575782428}
{"Losses/train_all_loss": 2.7987779595635156}
{"Losses/train_all_loss": 2.93122181838209}
{"Losses/train_all_loss": 3.400113872506402}
{"Losses/train_all_loss": 3.187702176245776}
{"Losses/train_all_loss": 1.7931457663124257}
{"Losses/train_all_loss": 1.9124699831008911}
{"Losses/train_all_loss": 3.058125514875759}
{"Losses/train_all_loss": 3.0459892695600335}
{"Losses/train_all_loss": 3.5206456184387207}
{"Losses/train_all_loss": 3.6174052953720093}
{"Losses/train_all_loss": 1.411984684792432}
{"Losses/train_all_loss": 1.366293116049333}
{"Losses/train_all_loss": 2.896595285697417}
{"Losses/train_all_loss": 2.9877313402566044}
{"Losses/train_all_loss": 2.8031900308348914}
{"Losses/train_all_loss": 3.150717383081263}
{"Losses/train_all_loss": 1.5213950899514286}
{"Losses/train_all_loss": 1.4186713207851758}
{"Losses/train_all_loss": 4.503711298108101}
{"Losses/train_all_loss": 4.510298272425478}
{"Losses/train_all_loss": 4.196622683243318}
{"Losses/train_all_loss": 4.037049462849444}
{"Losses/train_all_loss": 2.065804448994723}
{"Losses/train_all_loss": 1.934013003652746}
{"Losses/train_all_loss": 4.494457201524214}
{"Losses/train_all_loss": 4.688725547357039}
{"Losses/train_all_loss": 2.8983846686103125}
{"Losses/train_all_loss": 2.5624066686088387}
{"Losses/train_all_loss": 3.429896690628745}
{"Losses/train_all_loss": 3.5014490972865713}
{"Losses/train_all_loss": 1.4895864183252507}
{"Losses/train_all_loss": 1.5714520514011383}
{"Losses/train_all_loss": 2.861628483642231}
{"Losses/train_all_loss": 2.6804301142692566}
{"Losses/train_all_loss": 1.6669757542285053}
{"Losses/train_all_loss": 1.7068085954947905}
{"Losses/train_all_loss": 11.920785887674851}
{"Losses/train_all_loss": 6.490722732110457}
{"Losses/train_all_loss": 2.8696832887151023}
{"Losses/train_all_loss": 3.378086169334975}
{"Losses/train_all_loss": 2.5134797353636134}
{"Losses/train_all_loss": 2.4293425516648726}
{"Losses/train_all_loss": 2.674885256723924}
{"Losses/train_all_loss": 2.729162113233046}
{"Losses/train_all_loss": 2.809992577541958}
{"Losses/train_all_loss": 2.2601786147464407}
{"Losses/train_all_loss": 3.3125035600228743}
{"Losses/train_all_loss": 3.421935107220303}
{"Losses/train_all_loss": 2.6912712265144694}
{"Losses/train_all_loss": 3.4976296573877335}
{"Losses/train_all_loss": 1.8274668658321553}
{"Losses/train_all_loss": 1.889767354184931}
{"Losses/train_all_loss": 2.771495824510401}
{"Losses/train_all_loss": 2.423113230954517}
{"Losses/train_all_loss": 2.864098153331063}
{"Losses/train_all_loss": 3.207838250832124}
{"Losses/train_all_loss": 3.217910360206257}
{"Losses/train_all_loss": 2.218007066033103}
{"Losses/train_all_loss": 4.389602280475876}
{"Losses/train_all_loss": 3.740490097891201}
{"Losses/train_all_loss": 2.6216020421548323}
{"Losses/train_all_loss": 1.3546867546710102}
{"Losses/train_all_loss": 2.347412556409836}
{"Losses/train_all_loss": 2.2932348264889284}
{"Losses/train_all_loss": 3.626632966778495}
{"Losses/train_all_loss": 2.690430172465064}
{"Losses/train_all_loss": 7.432019308463416}
{"Losses/train_all_loss": 1.833349104632031}
{"Losses/train_all_loss": 2.4972776120359246}
{"Losses/train_all_loss": 2.2458813820372927}
{"Losses/train_all_loss": 2.407222639430653}
{"Losses/train_all_loss": 2.779808610677719}
{"Losses/train_all_loss": 2.786559195681052}
