{"Losses/train_all_loss": 4.051049855622378}
{"Losses/train_all_loss": 4.998895240100947}
{"Losses/train_all_loss": 4.254109306768938}
{"Losses/train_all_loss": 2.947103814645247}
{"Losses/train_all_loss": 4.220565728165886}
{"Losses/train_all_loss": 4.032207509333437}
{"Losses/train_all_loss": 4.482289146293294}
{"Losses/train_all_loss": 2.4231953756375746}
{"Losses/train_all_loss": 2.5167219557545404}
{"Losses/train_all_loss": 3.961952707984231}
{"Losses/train_all_loss": 2.9531534178690477}
{"Losses/train_all_loss": 4.707452494989742}
{"Losses/train_all_loss": 3.749146957289089}
{"Losses/train_all_loss": 3.7468175779689443}
{"Losses/train_all_loss": 3.606520200317556}
{"Losses/train_all_loss": 4.714829753745686}
{"Losses/train_all_loss": 1.5409223708239468}
{"Losses/train_all_loss": 15.976389047774402}
{"Losses/train_all_loss": 3.131576960737055}
{"Losses/train_all_loss": 3.0415418391877953}
{"Losses/train_all_loss": 3.0259854034944014}
{"Losses/train_all_loss": 4.7596294459971515}
{"Losses/train_all_loss": 4.199169977144762}
{"Losses/train_all_loss": 2.0631384510885584}
{"Losses/train_all_loss": 1.8028235218741677}
{"Losses/train_all_loss": 2.966390485113317}
{"Losses/train_all_loss": 3.9219609282233496}
{"Losses/train_all_loss": 3.789066203615882}
{"Losses/train_all_loss": 2.1083197539502923}
{"Losses/train_all_loss": 1.1490091749212958}
{"Losses/train_all_loss": 2.695340088822625}
{"Losses/train_all_loss": 3.06791767207059}
{"Losses/train_all_loss": 2.1054323640736667}
{"Losses/train_all_loss": 2.974975664507259}
{"Losses/train_all_loss": 2.7040731663053688}
{"Losses/train_all_loss": 2.2374259504404934}
{"Losses/train_all_loss": 3.4976189014586536}
{"Losses/train_all_loss": 3.857613568956202}
{"Losses/train_all_loss": 1.587603042071516}
{"Losses/train_all_loss": 4.214636411179196}
{"Losses/train_all_loss": 4.165714727206663}
{"Losses/train_all_loss": 1.8616698055782102}
{"Losses/train_all_loss": 4.0992017036134545}
{"Losses/train_all_loss": 1.8667268373749473}
{"Losses/train_all_loss": 2.691882873123342}
{"Losses/train_all_loss": 2.0289906439456074}
{"Losses/train_all_loss": 2.5923522412776947}
{"Losses/train_all_loss": 2.0072966163808648}
{"Losses/train_all_loss": 5.999161806973544}
{"Losses/train_all_loss": 8.934110552072525}
{"Losses/train_all_loss": 2.2849242104725405}
{"Losses/train_all_loss": 3.6468050317330793}
{"Losses/train_all_loss": 13.10567879947749}
{"Losses/train_all_loss": 2.6497538943182337}
{"Losses/train_all_loss": 2.5561936876990576}
{"Losses/train_all_loss": 2.7962910959666427}
{"Losses/train_all_loss": 2.857495891776952}
{"Losses/train_all_loss": 3.5581932325254786}
{"Losses/train_all_loss": 2.479474204507741}
{"Losses/train_all_loss": 2.480506403879686}
{"Losses/train_all_loss": 2.2670716697519477}
{"Losses/train_all_loss": 3.8213716447353363}
{"Losses/train_all_loss": 1.9386548725041477}
{"Losses/train_all_loss": 2.1406365145336497}
{"Losses/train_all_loss": 2.2909108021042566}
{"Losses/train_all_loss": 2.5617812004956333}
{"Losses/train_all_loss": 3.3989211185411974}
{"Losses/train_all_loss": 2.8478230143135246}
{"Losses/train_all_loss": 1.6745710562575946}
{"Losses/train_all_loss": 2.230727780948986}
{"Losses/train_all_loss": 2.248132041909478}
{"Losses/train_all_loss": 2.130840848792683}
{"Losses/train_all_loss": 1.6522894454273311}
{"Losses/train_all_loss": 3.0625468147071926}
{"Losses/train_all_loss": 1.5752150497653268}
