{"Losses/train_all_loss": 5.231960694898259}
{"Losses/train_all_loss": 5.067659772255204}
{"Losses/train_all_loss": 4.2596288634972135}
{"Losses/train_all_loss": 2.8911682692441074}
{"Losses/train_all_loss": 4.096612987193194}
{"Losses/train_all_loss": 3.000601290301843}
{"Losses/train_all_loss": 4.417978714812886}
{"Losses/train_all_loss": 2.538984244520014}
{"Losses/train_all_loss": 2.4007317654111167}
{"Losses/train_all_loss": 4.153586472977292}
{"Losses/train_all_loss": 2.7893481715158983}
{"Losses/train_all_loss": 4.209216077219356}
{"Losses/train_all_loss": 4.314759319478815}
{"Losses/train_all_loss": 3.5502733804962854}
{"Losses/train_all_loss": 3.5376347357576545}
{"Losses/train_all_loss": 5.455687360330061}
{"Losses/train_all_loss": 6.869884959676049}
{"Losses/train_all_loss": 16.085335489023816}
{"Losses/train_all_loss": 3.171902133659883}
{"Losses/train_all_loss": 2.432461057196964}
{"Losses/train_all_loss": 3.0330093069510027}
{"Losses/train_all_loss": 5.063299964774739}
{"Losses/train_all_loss": 4.9041460373184895}
{"Losses/train_all_loss": 1.8586926135149868}
{"Losses/train_all_loss": 1.8868683278560638}
{"Losses/train_all_loss": 3.1570339500904083}
{"Losses/train_all_loss": 4.039422208612615}
{"Losses/train_all_loss": 3.2268697091124277}
{"Losses/train_all_loss": 2.0230476639487525}
{"Losses/train_all_loss": 1.270823123780164}
{"Losses/train_all_loss": 2.9198150194504042}
{"Losses/train_all_loss": 3.292816162109375}
{"Losses/train_all_loss": 2.4695847725326363}
{"Losses/train_all_loss": 4.297361774878069}
{"Losses/train_all_loss": 3.008299708366394}
{"Losses/train_all_loss": 2.448591121218421}
{"Losses/train_all_loss": 3.8502463088794188}
{"Losses/train_all_loss": 3.283012021671642}
{"Losses/train_all_loss": 1.6508155939253895}
{"Losses/train_all_loss": 4.466973421248523}
{"Losses/train_all_loss": 4.302086001770063}
{"Losses/train_all_loss": 1.5410387509248473}
{"Losses/train_all_loss": 4.306775271892548}
{"Losses/train_all_loss": 1.797472501342947}
{"Losses/train_all_loss": 2.682934444059025}
{"Losses/train_all_loss": 2.151996363293041}
{"Losses/train_all_loss": 2.9578688984567467}
{"Losses/train_all_loss": 2.5662116652185265}
{"Losses/train_all_loss": 6.228360086679459}
{"Losses/train_all_loss": 4.010087408802726}
{"Losses/train_all_loss": 2.598364378918301}
{"Losses/train_all_loss": 3.7621479522098196}
{"Losses/train_all_loss": 13.328752561049027}
{"Losses/train_all_loss": 3.0467191717841406}
{"Losses/train_all_loss": 2.86154951561581}
{"Losses/train_all_loss": 3.1819177865982056}
{"Losses/train_all_loss": 3.3277133757417854}
{"Losses/train_all_loss": 3.2846557945013046}
{"Losses/train_all_loss": 2.4039330943064257}
{"Losses/train_all_loss": 2.407200711694631}
{"Losses/train_all_loss": 2.166621296243234}
{"Losses/train_all_loss": 3.145481373776089}
{"Losses/train_all_loss": 2.0816565968773584}
{"Losses/train_all_loss": 2.0697091953320936}
{"Losses/train_all_loss": 2.304381763393229}
{"Losses/train_all_loss": 2.430928724733266}
{"Losses/train_all_loss": 3.145337708971717}
{"Losses/train_all_loss": 2.953401118516922}
{"Losses/train_all_loss": 1.6005304157733917}
{"Losses/train_all_loss": 2.3601368286392908}
{"Losses/train_all_loss": 2.0203073390505533}
{"Losses/train_all_loss": 1.9075387607921253}
{"Losses/train_all_loss": 1.6718875670974904}
{"Losses/train_all_loss": 3.0617842091755434}
{"Losses/train_all_loss": 1.356031254611232}
