{"Losses/train_all_loss": 3.075760394334793}
{"Losses/train_all_loss": 4.662174087762833}
{"Losses/train_all_loss": 2.707311803102493}
{"Losses/train_all_loss": 3.5954125583171845}
{"Losses/train_all_loss": 5.006270235776901}
{"Losses/train_all_loss": 6.957584834098816}
{"Losses/train_all_loss": 1.9465745031833648}
{"Losses/train_all_loss": 5.094470369815826}
{"Losses/train_all_loss": 0.5906036972999573}
{"Losses/train_all_loss": 4.7095567166805266}
{"Losses/train_all_loss": 4.042285326123237}
{"Losses/train_all_loss": 5.7262276887893675}
{"Losses/train_all_loss": 0.4724657773971558}
{"Losses/train_all_loss": 1.5342561244964599}
{"Losses/train_all_loss": 3.7451772928237914}
{"Losses/train_all_loss": 1.7273347198963165}
{"Losses/train_all_loss": 8.063444840908051}
{"Losses/train_all_loss": 3.3892629623413084}
{"Losses/train_all_loss": 10.828711378574372}
{"Losses/train_all_loss": 16.41078784763813}
{"Losses/train_all_loss": 5.795402956008911}
{"Losses/train_all_loss": 5.798826920986175}
{"Losses/train_all_loss": 4.4257168650627134}
{"Losses/train_all_loss": 1.3479911386966705}
{"Losses/train_all_loss": 4.175879085063935}
{"Losses/train_all_loss": 3.506657373905182}
{"Losses/train_all_loss": 2.7282708823680877}
{"Losses/train_all_loss": 6.664451020956039}
{"Losses/train_all_loss": 2.462350034713745}
{"Losses/train_all_loss": 2.594504714012146}
{"Losses/train_all_loss": 3.281359100341797}
{"Losses/train_all_loss": 4.4135948598384855}
{"Losses/train_all_loss": 1.1744375228881836}
{"Losses/train_all_loss": 2.530938023328781}
{"Losses/train_all_loss": 4.96085079908371}
{"Losses/train_all_loss": 0.7523756861686707}
{"Losses/train_all_loss": 2.269530254602432}
{"Losses/train_all_loss": 2.909917342662811}
{"Losses/train_all_loss": 4.901984131336212}
{"Losses/train_all_loss": 3.375945806503296}
{"Losses/train_all_loss": 3.026214134693146}
{"Losses/train_all_loss": 1.9984134793281556}
{"Losses/train_all_loss": 2.512327367067337}
{"Losses/train_all_loss": 3.4072132110595703}
{"Losses/train_all_loss": 2.3380834221839906}
{"Losses/train_all_loss": 4.7237955808639525}
{"Losses/train_all_loss": 2.769562602043152}
{"Losses/train_all_loss": 2.183036397397518}
{"Losses/train_all_loss": 3.254688489437103}
{"Losses/train_all_loss": 3.8531530618667604}
{"Losses/train_all_loss": 3.2008511543273928}
{"Losses/train_all_loss": 1.3176554203033448}
{"Losses/train_all_loss": 0.5929529309272766}
{"Losses/train_all_loss": 1.609160977602005}
{"Losses/train_all_loss": 2.9095202803611757}
{"Losses/train_all_loss": 17.03388859629631}
{"Losses/train_all_loss": 2.1292884409427644}
{"Losses/train_all_loss": 4.529531049728393}
{"Losses/train_all_loss": 2.5395097613334654}
{"Losses/train_all_loss": 2.0804345190525053}
{"Losses/train_all_loss": 2.5014566004276277}
{"Losses/train_all_loss": 1.6534476935863496}
{"Losses/train_all_loss": 2.299442821741104}
{"Losses/train_all_loss": 1.7622358798980713}
{"Losses/train_all_loss": 2.4235024750232697}
{"Losses/train_all_loss": 1.1893739998340607}
{"Losses/train_all_loss": 1.2998166143894196}
{"Losses/train_all_loss": 2.8946349680423737}
{"Losses/train_all_loss": 3.367275196313858}
{"Losses/train_all_loss": 1.769758290052414}
{"Losses/train_all_loss": 3.357281804084778}
{"Losses/train_all_loss": 0.9654151439666748}
{"Losses/train_all_loss": 1.8487983644008636}
{"Losses/train_all_loss": 1.6011479675769806}
{"Losses/train_all_loss": 4.5059731006622314}
