{"Losses/train_all_loss": 6.96456370006005}
{"Losses/train_all_loss": 2.400558893879255}
{"Losses/train_all_loss": 4.254833683371544}
{"Losses/train_all_loss": 2.841022794445356}
{"Losses/train_all_loss": 4.316679187119007}
{"Losses/train_all_loss": 1.1353359495600064}
{"Losses/train_all_loss": 4.304485144714515}
{"Losses/train_all_loss": 4.089463979005814}
{"Losses/train_all_loss": 3.428029785553614}
{"Losses/train_all_loss": 2.7462181647618613}
{"Losses/train_all_loss": 4.886132160822551}
{"Losses/train_all_loss": 3.9462022930383682}
{"Losses/train_all_loss": 3.754247523844242}
{"Losses/train_all_loss": 1.7962488532066345}
{"Losses/train_all_loss": 3.1797948678334556}
{"Losses/train_all_loss": 12.532505157093206}
{"Losses/train_all_loss": 4.086335480213165}
{"Losses/train_all_loss": 2.7795693365236125}
{"Losses/train_all_loss": 2.0070189336935678}
{"Losses/train_all_loss": 3.4485422894358635}
{"Losses/train_all_loss": 4.3109311908483505}
{"Losses/train_all_loss": 3.274776582916578}
{"Losses/train_all_loss": 4.203300803899765}
{"Losses/train_all_loss": 2.6157905347645283}
{"Losses/train_all_loss": 2.734783459454775}
{"Losses/train_all_loss": 3.178416340301434}
{"Losses/train_all_loss": 3.428852789103985}
{"Losses/train_all_loss": 1.744028816620509}
{"Losses/train_all_loss": 3.5013415552675724}
{"Losses/train_all_loss": 3.089127325763305}
{"Losses/train_all_loss": 3.401956101258596}
{"Losses/train_all_loss": 3.341235655049483}
{"Losses/train_all_loss": 2.3617809818436704}
{"Losses/train_all_loss": 3.0552067247529826}
{"Losses/train_all_loss": 3.582205298046271}
{"Losses/train_all_loss": 2.235162492841482}
{"Losses/train_all_loss": 5.108057660361131}
{"Losses/train_all_loss": 2.2973921870191893}
{"Losses/train_all_loss": 3.988582175845901}
{"Losses/train_all_loss": 2.7344964115569987}
{"Losses/train_all_loss": 3.2549224893252053}
{"Losses/train_all_loss": 2.698184640457233}
{"Losses/train_all_loss": 2.563130090634028}
{"Losses/train_all_loss": 2.2333066891878843}
{"Losses/train_all_loss": 4.128667155901591}
{"Losses/train_all_loss": 2.7402267307043076}
{"Losses/train_all_loss": 2.9813433326780796}
{"Losses/train_all_loss": 2.8931103398402533}
{"Losses/train_all_loss": 8.158123108247915}
{"Losses/train_all_loss": 2.5057726725935936}
{"Losses/train_all_loss": 2.2493562462429204}
{"Losses/train_all_loss": 2.2557797307769456}
{"Losses/train_all_loss": 2.4274907211462655}
{"Losses/train_all_loss": 2.6768817057212195}
{"Losses/train_all_loss": 2.5052903269728026}
{"Losses/train_all_loss": 2.2467812169343233}
{"Losses/train_all_loss": 3.0028398483991623}
{"Losses/train_all_loss": 1.682590779537956}
{"Losses/train_all_loss": 3.242447463174661}
{"Losses/train_all_loss": 2.4840960825483003}
{"Losses/train_all_loss": 2.6068242862820625}
{"Losses/train_all_loss": 2.2950823828577995}
{"Losses/train_all_loss": 2.3646058489878974}
{"Losses/train_all_loss": 11.078710933526358}
{"Losses/train_all_loss": 1.746285433570544}
{"Losses/train_all_loss": 2.480929517497619}
{"Losses/train_all_loss": 3.0267374316851297}
{"Losses/train_all_loss": 7.4672012105584145}
{"Losses/train_all_loss": 2.4101297880212464}
{"Losses/train_all_loss": 2.794855018456777}
{"Losses/train_all_loss": 2.9651893004775047}
{"Losses/train_all_loss": 1.818125003327926}
{"Losses/train_all_loss": 2.4888996643324695}
{"Losses/train_all_loss": 3.3082661256194115}
{"Losses/train_all_loss": 1.6780773575107257}
