{"Losses/train_all_loss": 5.361174496511619}
{"Losses/train_all_loss": 4.028476012249787}
{"Losses/train_all_loss": 5.770135206480821}
{"Losses/train_all_loss": 2.9728955663740635}
{"Losses/train_all_loss": 3.925556076069673}
{"Losses/train_all_loss": 0.8960073937972387}
{"Losses/train_all_loss": 4.073187593370676}
{"Losses/train_all_loss": 4.419154112537702}
{"Losses/train_all_loss": 3.055619147916635}
{"Losses/train_all_loss": 3.9350494369864464}
{"Losses/train_all_loss": 3.8153156265616417}
{"Losses/train_all_loss": 3.8176406572262445}
{"Losses/train_all_loss": 3.206037476658821}
{"Losses/train_all_loss": 2.8279298891623816}
{"Losses/train_all_loss": 3.4498446260889373}
{"Losses/train_all_loss": 3.7205603644251823}
{"Losses/train_all_loss": 3.1459976509213448}
{"Losses/train_all_loss": 2.930595318476359}
{"Losses/train_all_loss": 2.4011944433053336}
{"Losses/train_all_loss": 2.9839748640855155}
{"Losses/train_all_loss": 5.595299224058787}
{"Losses/train_all_loss": 3.8390599377453327}
{"Losses/train_all_loss": 2.75174364199241}
{"Losses/train_all_loss": 2.843447797000408}
{"Losses/train_all_loss": 3.947080853084723}
{"Losses/train_all_loss": 4.008066503951947}
{"Losses/train_all_loss": 2.336396560072899}
{"Losses/train_all_loss": 1.9035716553529103}
{"Losses/train_all_loss": 2.719715585311254}
{"Losses/train_all_loss": 3.1992895752191544}
{"Losses/train_all_loss": 2.789185766130686}
{"Losses/train_all_loss": 2.979589389016231}
{"Losses/train_all_loss": 2.783431804428498}
{"Losses/train_all_loss": 4.308488526691993}
{"Losses/train_all_loss": 2.269924824436506}
{"Losses/train_all_loss": 2.0700950672229133}
{"Losses/train_all_loss": 4.514279832442601}
{"Losses/train_all_loss": 2.450612677882115}
{"Losses/train_all_loss": 3.4982956362267337}
{"Losses/train_all_loss": 2.4187360691527524}
{"Losses/train_all_loss": 3.2314722115794816}
{"Losses/train_all_loss": 2.337109493712584}
{"Losses/train_all_loss": 2.628530576825142}
{"Losses/train_all_loss": 1.885673575103283}
{"Losses/train_all_loss": 3.345939197887977}
{"Losses/train_all_loss": 2.7048616794248423}
{"Losses/train_all_loss": 3.391488858809074}
{"Losses/train_all_loss": 3.9533533019324145}
{"Losses/train_all_loss": 4.271027110517025}
{"Losses/train_all_loss": 3.3185164220631123}
{"Losses/train_all_loss": 3.076171743373076}
{"Losses/train_all_loss": 2.409052398055792}
{"Losses/train_all_loss": 2.661113053560257}
{"Losses/train_all_loss": 2.4652097523212433}
{"Losses/train_all_loss": 2.5199880997339883}
{"Losses/train_all_loss": 4.069057233631611}
{"Losses/train_all_loss": 2.9657537589470544}
{"Losses/train_all_loss": 2.3708050524195037}
{"Losses/train_all_loss": 3.462020998199781}
{"Losses/train_all_loss": 2.7943034345904985}
{"Losses/train_all_loss": 2.953616514801979}
{"Losses/train_all_loss": 4.572904991606872}
{"Losses/train_all_loss": 2.2857608844836554}
{"Losses/train_all_loss": 3.1963880211114883}
{"Losses/train_all_loss": 2.129704045752684}
{"Losses/train_all_loss": 2.84438842193534}
{"Losses/train_all_loss": 2.7823742255568504}
{"Losses/train_all_loss": 3.579577804853519}
{"Losses/train_all_loss": 1.9307174024482567}
{"Losses/train_all_loss": 3.3957707782586417}
{"Losses/train_all_loss": 2.581707891076803}
{"Losses/train_all_loss": 2.9404661990702152}
{"Losses/train_all_loss": 3.2791160295406976}
{"Losses/train_all_loss": 4.678829873601596}
{"Losses/train_all_loss": 2.0896712553997836}
{"Losses/train_all_loss": 1.7233310950299103}
{"Losses/train_all_loss": 2.2603403305013976}
{"Losses/train_all_loss": 6.345264258484046}
{"Losses/train_all_loss": 3.0549362376332283}
{"Losses/train_all_loss": 3.024614998449882}
{"Losses/train_all_loss": 2.396279121438662}
{"Losses/train_all_loss": 6.162460132191579}
{"Losses/train_all_loss": 1.7100777874390285}
{"Losses/train_all_loss": 3.026081830263138}
{"Losses/train_all_loss": 2.5934712067246437}
{"Losses/train_all_loss": 2.558620144923528}
{"Losses/train_all_loss": 2.2767011324564614}
{"Losses/train_all_loss": 2.0829443161686263}
{"Losses/train_all_loss": 3.694047292073568}
{"Losses/train_all_loss": 2.732507654776176}
{"Losses/train_all_loss": 1.2813488331933816}
{"Losses/train_all_loss": 2.58207219094038}
{"Losses/train_all_loss": 1.277320875475804}
{"Losses/train_all_loss": 3.083945918828249}
{"Losses/train_all_loss": 3.269856891284386}
{"Losses/train_all_loss": 2.2573864037791886}
{"Losses/train_all_loss": 7.454403741906087}
{"Losses/train_all_loss": 1.7623034479717414}
{"Losses/train_all_loss": 2.3743332798282304}
{"Losses/train_all_loss": 1.6141411513090134}
