{"Losses/train_all_loss": 3.8783510544083337}
{"Losses/train_all_loss": 5.195876506241885}
{"Losses/train_all_loss": 4.497770797122609}
{"Losses/train_all_loss": 3.0151858519424093}
{"Losses/train_all_loss": 3.2616271566260946}
{"Losses/train_all_loss": 4.400917207652872}
{"Losses/train_all_loss": 2.7228580686179074}
{"Losses/train_all_loss": 2.748084916309877}
{"Losses/train_all_loss": 2.4986605874516745}
{"Losses/train_all_loss": 4.891969709233805}
{"Losses/train_all_loss": 13.538179313594645}
{"Losses/train_all_loss": 3.939130821011283}
{"Losses/train_all_loss": 3.6965411901474}
{"Losses/train_all_loss": 4.240254075689749}
{"Losses/train_all_loss": 2.70038285038688}
{"Losses/train_all_loss": 3.5897322215817193}
{"Losses/train_all_loss": 2.1325547370043667}
{"Losses/train_all_loss": 4.234636003320867}
{"Losses/train_all_loss": 3.5233319239182905}
{"Losses/train_all_loss": 2.377074868841605}
{"Losses/train_all_loss": 3.073816705833782}
{"Losses/train_all_loss": 2.9117208543148907}
{"Losses/train_all_loss": 6.278212251988324}
{"Losses/train_all_loss": 3.756349262866107}
{"Losses/train_all_loss": 2.1343348541043023}
{"Losses/train_all_loss": 2.35749688744545}
{"Losses/train_all_loss": 4.783544673161074}
{"Losses/train_all_loss": 2.4512573792175814}
{"Losses/train_all_loss": 2.4065557338974695}
{"Losses/train_all_loss": 0.8469203561544418}
{"Losses/train_all_loss": 4.197367547587915}
{"Losses/train_all_loss": 3.4832359958778727}
{"Losses/train_all_loss": 1.4854146113449878}
{"Losses/train_all_loss": 1.8209900314157659}
{"Losses/train_all_loss": 2.2898834347724915}
{"Losses/train_all_loss": 1.920001894235611}
{"Losses/train_all_loss": 3.216439814730124}
{"Losses/train_all_loss": 2.1768394261598587}
{"Losses/train_all_loss": 1.0983626639301127}
{"Losses/train_all_loss": 24.204694191163238}
{"Losses/train_all_loss": 3.850345481525768}
{"Losses/train_all_loss": 1.2777360311963342}
{"Losses/train_all_loss": 4.113792010328987}
{"Losses/train_all_loss": 2.2265650860287924}
{"Losses/train_all_loss": 2.5934912101788954}
{"Losses/train_all_loss": 2.0285062058405443}
{"Losses/train_all_loss": 1.8583857010711322}
{"Losses/train_all_loss": 2.3165891360152853}
{"Losses/train_all_loss": 3.1476388424634933}
{"Losses/train_all_loss": 2.7504841929132287}
{"Losses/train_all_loss": 1.6279699463735928}
{"Losses/train_all_loss": 3.5037657726894724}
{"Losses/train_all_loss": 3.34473196755756}
{"Losses/train_all_loss": 2.588527403094552}
{"Losses/train_all_loss": 2.3263698640194805}
{"Losses/train_all_loss": 1.9770306477492505}
{"Losses/train_all_loss": 2.316826481710781}
{"Losses/train_all_loss": 2.677721668373455}
{"Losses/train_all_loss": 3.557197383858941}
{"Losses/train_all_loss": 1.9095859974622726}
{"Losses/train_all_loss": 1.7206589660861276}
{"Losses/train_all_loss": 2.1982893415472726}
{"Losses/train_all_loss": 3.204627149484374}
{"Losses/train_all_loss": 2.2148971557617188}
{"Losses/train_all_loss": 2.3644306686791507}
{"Losses/train_all_loss": 2.5144923220981252}
{"Losses/train_all_loss": 2.3885242857716302}
{"Losses/train_all_loss": 2.1678815694017843}
{"Losses/train_all_loss": 0.9288086925040592}
{"Losses/train_all_loss": 1.9734029526060277}
{"Losses/train_all_loss": 2.261373879557306}
{"Losses/train_all_loss": 2.869412446563894}
{"Losses/train_all_loss": 1.7942681393840096}
{"Losses/train_all_loss": 2.7775402407754552}
{"Losses/train_all_loss": 2.214594594456933}
