{"Losses/train_all_loss": 4.053572605956685}
{"Losses/train_all_loss": 5.632832603021101}
{"Losses/train_all_loss": 4.059215748851949}
{"Losses/train_all_loss": 3.763062225146727}
{"Losses/train_all_loss": 4.417958816344088}
{"Losses/train_all_loss": 2.893816751512614}
{"Losses/train_all_loss": 3.663730792023919}
{"Losses/train_all_loss": 1.9653670652346178}
{"Losses/train_all_loss": 1.9296326339244843}
{"Losses/train_all_loss": 4.8719402944499794}
{"Losses/train_all_loss": 2.575075840408152}
{"Losses/train_all_loss": 4.722516777840528}
{"Losses/train_all_loss": 3.9792972152883355}
{"Losses/train_all_loss": 3.6957624933936377}
{"Losses/train_all_loss": 3.322457281025973}
{"Losses/train_all_loss": 3.760350175879218}
{"Losses/train_all_loss": 1.8089100447568027}
{"Losses/train_all_loss": 15.25068341872909}
{"Losses/train_all_loss": 2.8375937071713535}
{"Losses/train_all_loss": 2.460127432237972}
{"Losses/train_all_loss": 3.415272032672709}
{"Losses/train_all_loss": 5.368636105548251}
{"Losses/train_all_loss": 4.54544985294342}
{"Losses/train_all_loss": 2.9216598990288647}
{"Losses/train_all_loss": 1.8122501481663098}
{"Losses/train_all_loss": 3.0871831205758182}
{"Losses/train_all_loss": 3.7460104687647386}
{"Losses/train_all_loss": 3.3241819102655756}
{"Losses/train_all_loss": 2.0700219869613647}
{"Losses/train_all_loss": 1.2696917002851313}
{"Losses/train_all_loss": 3.1612082530151713}
{"Losses/train_all_loss": 2.9896093092181464}
{"Losses/train_all_loss": 2.1440313404256646}
{"Losses/train_all_loss": 2.792428355325352}
{"Losses/train_all_loss": 2.6431600776585666}
{"Losses/train_all_loss": 1.8863245086236433}
{"Losses/train_all_loss": 3.565448051149195}
{"Losses/train_all_loss": 3.313035948710008}
{"Losses/train_all_loss": 1.5491494319655679}
{"Losses/train_all_loss": 4.758982726118782}
{"Losses/train_all_loss": 4.882295487956568}
{"Losses/train_all_loss": 1.6831483299081975}
{"Losses/train_all_loss": 4.215284588662061}
{"Losses/train_all_loss": 2.0126323943788353}
{"Losses/train_all_loss": 2.7528231631625784}
{"Losses/train_all_loss": 1.8069815947250887}
{"Losses/train_all_loss": 2.5827890837734397}
{"Losses/train_all_loss": 2.2102215452627703}
{"Losses/train_all_loss": 5.398833975195885}
{"Losses/train_all_loss": 3.938409239053726}
{"Losses/train_all_loss": 2.1373979544097725}
{"Losses/train_all_loss": 3.3673822337930854}
{"Losses/train_all_loss": 13.106079564853149}
{"Losses/train_all_loss": 2.710179014639421}
{"Losses/train_all_loss": 2.447695530273698}
{"Losses/train_all_loss": 2.841738910837607}
{"Losses/train_all_loss": 2.5249725715680555}
{"Losses/train_all_loss": 3.3528971929441798}
{"Losses/train_all_loss": 2.4448896470395}
{"Losses/train_all_loss": 2.4415461217815224}
{"Losses/train_all_loss": 2.184894110668789}
{"Losses/train_all_loss": 2.82268170199611}
{"Losses/train_all_loss": 2.012584626674652}
{"Losses/train_all_loss": 2.31095792082223}
{"Losses/train_all_loss": 2.346843334761533}
{"Losses/train_all_loss": 2.5633160905404524}
{"Losses/train_all_loss": 3.389798320152543}
{"Losses/train_all_loss": 3.030636116862297}
{"Losses/train_all_loss": 1.7391895733096383}
{"Losses/train_all_loss": 2.4201237830248745}
{"Losses/train_all_loss": 2.2566433440555227}
{"Losses/train_all_loss": 1.9184727736494758}
{"Losses/train_all_loss": 1.7477079982107335}
{"Losses/train_all_loss": 3.0014139386740597}
{"Losses/train_all_loss": 1.3060101704163984}
