{"Losses/train_all_loss": 6.596447793145974}
{"Losses/train_all_loss": 2.207703620195389}
{"Losses/train_all_loss": 4.151892744004726}
{"Losses/train_all_loss": 2.544124906261762}
{"Losses/train_all_loss": 4.157370217144489}
{"Losses/train_all_loss": 0.943998838464419}
{"Losses/train_all_loss": 4.511550592879455}
{"Losses/train_all_loss": 4.052691279600064}
{"Losses/train_all_loss": 3.545532248914242}
{"Losses/train_all_loss": 2.9224350986381373}
{"Losses/train_all_loss": 5.27333431939284}
{"Losses/train_all_loss": 4.189432613551617}
{"Losses/train_all_loss": 3.5932113577922187}
{"Losses/train_all_loss": 1.991274726887544}
{"Losses/train_all_loss": 3.347681653996309}
{"Losses/train_all_loss": 12.507502170900503}
{"Losses/train_all_loss": 4.091695303718249}
{"Losses/train_all_loss": 2.854874269415935}
{"Losses/train_all_loss": 2.0815619751811028}
{"Losses/train_all_loss": 3.323159792770942}
{"Losses/train_all_loss": 4.194785788655281}
{"Losses/train_all_loss": 3.518786333501339}
{"Losses/train_all_loss": 4.437627608577411}
{"Losses/train_all_loss": 2.8174842819571495}
{"Losses/train_all_loss": 2.8856536969542503}
{"Losses/train_all_loss": 2.052462978909413}
{"Losses/train_all_loss": 3.386637712518374}
{"Losses/train_all_loss": 1.757498728732268}
{"Losses/train_all_loss": 3.294818983102838}
{"Losses/train_all_loss": 3.3037510626018047}
{"Losses/train_all_loss": 3.1757739459474883}
{"Losses/train_all_loss": 2.9109843956927457}
{"Losses/train_all_loss": 2.5659464883307614}
{"Losses/train_all_loss": 2.9998259966572127}
{"Losses/train_all_loss": 3.2713334212700524}
{"Losses/train_all_loss": 2.316039221982161}
{"Losses/train_all_loss": 4.979600916306178}
{"Losses/train_all_loss": 2.397638818869988}
{"Losses/train_all_loss": 3.83749439381063}
{"Losses/train_all_loss": 2.8387673559288182}
{"Losses/train_all_loss": 3.491912084321181}
{"Losses/train_all_loss": 2.506271682679653}
{"Losses/train_all_loss": 2.1259731178482375}
{"Losses/train_all_loss": 2.3277772814035416}
{"Losses/train_all_loss": 3.8880577869713306}
{"Losses/train_all_loss": 2.650028385221958}
{"Losses/train_all_loss": 3.2603958658874035}
{"Losses/train_all_loss": 3.183317694813013}
{"Losses/train_all_loss": 7.645937052865823}
{"Losses/train_all_loss": 2.3979127034544945}
{"Losses/train_all_loss": 2.208295521636804}
{"Losses/train_all_loss": 2.236597848435243}
{"Losses/train_all_loss": 2.3389583279689155}
{"Losses/train_all_loss": 2.537864791850249}
{"Losses/train_all_loss": 2.69670207798481}
{"Losses/train_all_loss": 2.2124494730184474}
{"Losses/train_all_loss": 3.0440085530281067}
{"Losses/train_all_loss": 1.6550304293632507}
{"Losses/train_all_loss": 3.358798364798228}
{"Losses/train_all_loss": 2.5655403633912406}
{"Losses/train_all_loss": 2.59252238770326}
{"Losses/train_all_loss": 2.2562144845724106}
{"Losses/train_all_loss": 2.5217552868028483}
{"Losses/train_all_loss": 11.1955662916104}
{"Losses/train_all_loss": 1.9428667003909748}
{"Losses/train_all_loss": 2.3970131861666837}
{"Losses/train_all_loss": 2.7820650804787874}
{"Losses/train_all_loss": 4.052172616124153}
{"Losses/train_all_loss": 2.587204190591971}
{"Losses/train_all_loss": 2.684068818887075}
{"Losses/train_all_loss": 2.770444338520368}
{"Losses/train_all_loss": 1.9102108118434746}
{"Losses/train_all_loss": 2.5829448041816554}
{"Losses/train_all_loss": 3.1074115186929703}
{"Losses/train_all_loss": 1.6508098940054576}
