{"Losses/train_all_loss": 5.50588496029377}
{"Losses/train_all_loss": 3.0778950651486716}
{"Losses/train_all_loss": 5.921766559282939}
{"Losses/train_all_loss": 2.788993827998638}
{"Losses/train_all_loss": 4.4322462392350035}
{"Losses/train_all_loss": 1.3487141927083333}
{"Losses/train_all_loss": 3.5913100292285285}
{"Losses/train_all_loss": 5.894601911306381}
{"Losses/train_all_loss": 3.5098531618714333}
{"Losses/train_all_loss": 4.474305655807257}
{"Losses/train_all_loss": 4.611574088533719}
{"Losses/train_all_loss": 5.557766730586688}
{"Losses/train_all_loss": 2.5308856243888536}
{"Losses/train_all_loss": 2.335120971004168}
{"Losses/train_all_loss": 4.949505743881066}
{"Losses/train_all_loss": 4.007172426829736}
{"Losses/train_all_loss": 4.040361036856969}
{"Losses/train_all_loss": 3.2255330433448157}
{"Losses/train_all_loss": 2.8171288718779883}
{"Losses/train_all_loss": 3.1065016090869904}
{"Losses/train_all_loss": 4.016557311018308}
{"Losses/train_all_loss": 3.9614826068282127}
{"Losses/train_all_loss": 3.4670265913009644}
{"Losses/train_all_loss": 2.5522918701171875}
{"Losses/train_all_loss": 3.81026312460502}
{"Losses/train_all_loss": 2.6230052361885705}
{"Losses/train_all_loss": 2.344048857688904}
{"Losses/train_all_loss": 2.753445126116276}
{"Losses/train_all_loss": 3.15192353973786}
{"Losses/train_all_loss": 3.1493774180610976}
{"Losses/train_all_loss": 2.094299158702294}
{"Losses/train_all_loss": 2.153000464042028}
{"Losses/train_all_loss": 2.4907307935257754}
{"Losses/train_all_loss": 2.9795834608376026}
{"Losses/train_all_loss": 2.4709506755073867}
{"Losses/train_all_loss": 2.2920615784823895}
{"Losses/train_all_loss": 7.208921703199546}
{"Losses/train_all_loss": 2.4140983124574027}
{"Losses/train_all_loss": 3.011378968755404}
{"Losses/train_all_loss": 3.1186056844890118}
{"Losses/train_all_loss": 4.276951320469379}
{"Losses/train_all_loss": 2.6003982151548066}
{"Losses/train_all_loss": 2.976199183613062}
{"Losses/train_all_loss": 2.0835644975304604}
{"Losses/train_all_loss": 3.841103165100018}
{"Losses/train_all_loss": 2.7065717801451683}
{"Losses/train_all_loss": 3.230214354892572}
{"Losses/train_all_loss": 4.00857790807883}
{"Losses/train_all_loss": 3.8943273623784385}
{"Losses/train_all_loss": 2.760246259470781}
{"Losses/train_all_loss": 2.9023789005974927}
{"Losses/train_all_loss": 2.468899050106605}
{"Losses/train_all_loss": 3.7082427280644574}
{"Losses/train_all_loss": 2.6355490734179816}
{"Losses/train_all_loss": 2.3509679585695267}
{"Losses/train_all_loss": 3.33371472855409}
{"Losses/train_all_loss": 4.271475742260615}
{"Losses/train_all_loss": 2.152869743605455}
{"Losses/train_all_loss": 2.5643166353305182}
{"Losses/train_all_loss": 3.8102446869015694}
{"Losses/train_all_loss": 2.728871944049994}
{"Losses/train_all_loss": 2.4794630284110704}
{"Losses/train_all_loss": 2.024253056695064}
{"Losses/train_all_loss": 2.1092988339563212}
{"Losses/train_all_loss": 3.795927663644155}
{"Losses/train_all_loss": 2.3835622320572534}
{"Losses/train_all_loss": 1.533644001930952}
{"Losses/train_all_loss": 2.954130788644155}
{"Losses/train_all_loss": 2.34644927456975}
{"Losses/train_all_loss": 3.1281685481468835}
{"Losses/train_all_loss": 2.5174139607697725}
{"Losses/train_all_loss": 3.413988792647918}
{"Losses/train_all_loss": 3.1275646165013313}
{"Losses/train_all_loss": 2.8437324861685433}
{"Losses/train_all_loss": 1.7869593612849712}
{"Losses/train_all_loss": 2.2904048934578896}
{"Losses/train_all_loss": 3.27218359336257}
{"Losses/train_all_loss": 2.826591409742832}
{"Losses/train_all_loss": 3.1678088307380676}
{"Losses/train_all_loss": 13.76524313290914}
{"Losses/train_all_loss": 3.124639584372441}
{"Losses/train_all_loss": 1.506681114435196}
{"Losses/train_all_loss": 1.3775709432860215}
{"Losses/train_all_loss": 3.2766370897491774}
{"Losses/train_all_loss": 3.357037569085757}
{"Losses/train_all_loss": 2.0813429752985635}
{"Losses/train_all_loss": 4.157414036492507}
{"Losses/train_all_loss": 1.4142978588740032}
{"Losses/train_all_loss": 2.9324977807700634}
{"Losses/train_all_loss": 2.2297109961509705}
{"Losses/train_all_loss": 1.179290620610118}
{"Losses/train_all_loss": 2.7053006440401077}
{"Losses/train_all_loss": 1.5370944427947204}
{"Losses/train_all_loss": 2.7778093380232654}
{"Losses/train_all_loss": 2.9639898911118507}
{"Losses/train_all_loss": 2.482044613609711}
{"Losses/train_all_loss": 3.377334884057442}
{"Losses/train_all_loss": 3.1236880173285804}
{"Losses/train_all_loss": 2.926883497585853}
{"Losses/train_all_loss": 1.7475200407207012}
{"Losses/train_all_loss": 2.2701425971463323}
{"Losses/train_all_loss": 3.061744436621666}
{"Losses/train_all_loss": 2.5943057189385095}
{"Losses/train_all_loss": 2.265671101709207}
{"Losses/train_all_loss": 3.0530621434251466}
{"Losses/train_all_loss": 4.4813642265896005}
{"Losses/train_all_loss": 2.1132726408541203}
{"Losses/train_all_loss": 2.7120144429306188}
{"Losses/train_all_loss": 2.8335926719009876}
{"Losses/train_all_loss": 3.7066212433079877}
{"Losses/train_all_loss": 2.4145880502959094}
{"Losses/train_all_loss": 3.4134350158274174}
{"Losses/train_all_loss": 2.172274018327395}
{"Losses/train_all_loss": 2.870380492260059}
{"Losses/train_all_loss": 1.423838550845782}
{"Losses/train_all_loss": 1.6721802242100239}
{"Losses/train_all_loss": 3.1299506947398186}
{"Losses/train_all_loss": 2.477723777294159}
{"Losses/train_all_loss": 20.158983868857224}
{"Losses/train_all_loss": 2.9908531308174133}
