{"Losses/train_all_loss": 9.260796335610477}
{"Losses/train_all_loss": 6.00806500153108}
{"Losses/train_all_loss": 8.072070333090695}
{"Losses/train_all_loss": 3.703830922191793}
{"Losses/train_all_loss": 5.635993377728895}
{"Losses/train_all_loss": 6.2537553689696574}
{"Losses/train_all_loss": 9.636253722689368}
{"Losses/train_all_loss": 4.126492242921483}
{"Losses/train_all_loss": 4.425056863914836}
{"Losses/train_all_loss": 6.048368383537639}
{"Losses/train_all_loss": 5.645768783309243}
{"Losses/train_all_loss": 7.187562601132826}
{"Losses/train_all_loss": 6.923260304060849}
{"Losses/train_all_loss": 6.011875802820379}
{"Losses/train_all_loss": 5.638731040737846}
{"Losses/train_all_loss": 6.255851967768236}
{"Losses/train_all_loss": 2.8867877505042334}
{"Losses/train_all_loss": 7.869120069525459}
{"Losses/train_all_loss": 6.166442036628723}
{"Losses/train_all_loss": 3.6078499989076094}
{"Losses/train_all_loss": 5.645515035499226}
{"Losses/train_all_loss": 10.653033983978359}
{"Losses/train_all_loss": 7.326110297983343}
{"Losses/train_all_loss": 3.9268980893221768}
{"Losses/train_all_loss": 4.1680262644182555}
{"Losses/train_all_loss": 15.18390793691982}
{"Losses/train_all_loss": 7.180365245450627}
{"Losses/train_all_loss": 6.544730628078634}
{"Losses/train_all_loss": 5.378966152667999}
{"Losses/train_all_loss": 2.647198807109486}
{"Losses/train_all_loss": 11.77892363613302}
{"Losses/train_all_loss": 5.739089586518028}
{"Losses/train_all_loss": 3.584015280008316}
{"Losses/train_all_loss": 4.027674810452894}
{"Losses/train_all_loss": 3.8558664701201697}
{"Losses/train_all_loss": 3.7534796595573425}
{"Losses/train_all_loss": 4.469992098483172}
{"Losses/train_all_loss": 3.616760630499233}
{"Losses/train_all_loss": 3.3733919344165106}
{"Losses/train_all_loss": 7.350074678659439}
{"Losses/train_all_loss": 9.736649681221355}
{"Losses/train_all_loss": 2.854060422290455}
{"Losses/train_all_loss": 6.291894869370894}
{"Losses/train_all_loss": 4.126413494348526}
{"Losses/train_all_loss": 5.428757456215945}
{"Losses/train_all_loss": 2.989658174189654}
{"Losses/train_all_loss": 5.165924955498088}
{"Losses/train_all_loss": 3.7357426177371633}
{"Losses/train_all_loss": 5.798513415184888}
{"Losses/train_all_loss": 3.2039764902808447}
{"Losses/train_all_loss": 4.019941227002577}
{"Losses/train_all_loss": 7.8979164795442065}
{"Losses/train_all_loss": 6.169306798414751}
{"Losses/train_all_loss": 5.597765077244151}
{"Losses/train_all_loss": 4.841946160251444}
{"Losses/train_all_loss": 3.611631986769763}
{"Losses/train_all_loss": 3.750918112017892}
{"Losses/train_all_loss": 4.261593536897139}
{"Losses/train_all_loss": 5.432416184382006}
{"Losses/train_all_loss": 3.8442609879103573}
{"Losses/train_all_loss": 3.3931507766246796}
{"Losses/train_all_loss": 21.89131836051291}
{"Losses/train_all_loss": 4.855573391372507}
{"Losses/train_all_loss": 2.9003296955065294}
{"Losses/train_all_loss": 7.016265180977908}
{"Losses/train_all_loss": 6.744823179461739}
{"Losses/train_all_loss": 7.888144479556517}
{"Losses/train_all_loss": 6.186422082510862}
{"Losses/train_all_loss": 1.9944733543829485}
{"Losses/train_all_loss": 3.07021381909197}
{"Losses/train_all_loss": 5.2890520746057685}
{"Losses/train_all_loss": 3.8483773171901703}
{"Losses/train_all_loss": 2.6919266974384133}
{"Losses/train_all_loss": 5.478470540859482}
{"Losses/train_all_loss": 2.6359457021409813}
{"Losses/train_all_loss": 3.7206726128404792}
{"Losses/train_all_loss": 5.434692621231079}
{"Losses/train_all_loss": 4.102606391364878}
{"Losses/train_all_loss": 13.34095368331129}
{"Losses/train_all_loss": 4.590474567630074}
{"Losses/train_all_loss": 4.737086126750166}
{"Losses/train_all_loss": 3.7792191695083273}
{"Losses/train_all_loss": 3.3356832672249186}
{"Losses/train_all_loss": 3.654356457970359}
{"Losses/train_all_loss": 4.84123812074011}
{"Losses/train_all_loss": 3.8193721452897247}
{"Losses/train_all_loss": 5.306881548328833}
{"Losses/train_all_loss": 3.6603119454600592}
{"Losses/train_all_loss": 3.0409626987847416}
{"Losses/train_all_loss": 3.210440852425315}
{"Losses/train_all_loss": 3.3905040377920326}
{"Losses/train_all_loss": 36.1027757471258}
{"Losses/train_all_loss": 6.210848179730502}
{"Losses/train_all_loss": 3.011636446822773}
{"Losses/train_all_loss": 2.927191371267492}
{"Losses/train_all_loss": 4.39135947146199}
{"Losses/train_all_loss": 5.3564359383149585}
{"Losses/train_all_loss": 4.219058513641357}
{"Losses/train_all_loss": 2.7975009608675134}
{"Losses/train_all_loss": 3.4090145338665354}
