{"Losses/train_all_loss": 3.950260419737209}
{"Losses/train_all_loss": 5.0686630200256}
{"Losses/train_all_loss": 4.55380547859452}
{"Losses/train_all_loss": 3.2367468178272247}
{"Losses/train_all_loss": 3.54062959280881}
{"Losses/train_all_loss": 3.5157530240037222}
{"Losses/train_all_loss": 2.9001083997162906}
{"Losses/train_all_loss": 2.698310680010102}
{"Losses/train_all_loss": 2.628268550742756}
{"Losses/train_all_loss": 4.727693855762482}
{"Losses/train_all_loss": 4.142787816849622}
{"Losses/train_all_loss": 3.961302258751609}
{"Losses/train_all_loss": 3.418785634365949}
{"Losses/train_all_loss": 3.908058235591108}
{"Losses/train_all_loss": 2.5906578830697318}
{"Losses/train_all_loss": 3.1260113174265083}
{"Losses/train_all_loss": 2.076688503677195}
{"Losses/train_all_loss": 4.114321142435074}
{"Losses/train_all_loss": 3.620757222175598}
{"Losses/train_all_loss": 2.8491642515767706}
{"Losses/train_all_loss": 2.923886548389088}
{"Losses/train_all_loss": 3.4540603919462725}
{"Losses/train_all_loss": 5.112427158789202}
{"Losses/train_all_loss": 3.455634127963673}
{"Losses/train_all_loss": 2.1312770450657066}
{"Losses/train_all_loss": 2.9158261350610037}
{"Losses/train_all_loss": 6.230812338265506}
{"Losses/train_all_loss": 2.4972683150659907}
{"Losses/train_all_loss": 2.402322072874416}
{"Losses/train_all_loss": 0.838668244806203}
{"Losses/train_all_loss": 4.081866214221174}
{"Losses/train_all_loss": 3.902760462327437}
{"Losses/train_all_loss": 1.6960067261349072}
{"Losses/train_all_loss": 2.0818555571816186}
{"Losses/train_all_loss": 2.3429989218711853}
{"Losses/train_all_loss": 2.122116408564828}
{"Losses/train_all_loss": 2.8409419161352245}
{"Losses/train_all_loss": 2.1692717508836226}
{"Losses/train_all_loss": 1.2237376110120253}
{"Losses/train_all_loss": 24.393204311078247}
{"Losses/train_all_loss": 4.370862803675911}
{"Losses/train_all_loss": 1.2563839297402988}
{"Losses/train_all_loss": 4.080486378886483}
{"Losses/train_all_loss": 2.230818730863658}
{"Losses/train_all_loss": 2.5441440560600976}
{"Losses/train_all_loss": 2.1764797785065393}
{"Losses/train_all_loss": 1.8699678426439112}
{"Losses/train_all_loss": 2.451856563037092}
{"Losses/train_all_loss": 3.2353854260661383}
{"Losses/train_all_loss": 2.724644582379948}
{"Losses/train_all_loss": 1.6911273503845388}
{"Losses/train_all_loss": 3.499117363582958}
{"Losses/train_all_loss": 2.841221336614002}
{"Losses/train_all_loss": 2.908374482935125}
{"Losses/train_all_loss": 2.3753639215772804}
{"Losses/train_all_loss": 1.9430365372787823}
{"Losses/train_all_loss": 2.0510830256071957}
{"Losses/train_all_loss": 2.814160707322034}
{"Losses/train_all_loss": 3.768758538094434}
{"Losses/train_all_loss": 1.8616489551284097}
{"Losses/train_all_loss": 1.9828235615383496}
{"Losses/train_all_loss": 2.481995780359615}
{"Losses/train_all_loss": 2.959916827353564}
{"Losses/train_all_loss": 2.337110321630131}
{"Losses/train_all_loss": 2.0304402099414305}
{"Losses/train_all_loss": 2.937342649156397}
{"Losses/train_all_loss": 2.4216071976856752}
{"Losses/train_all_loss": 2.272908407178792}
{"Losses/train_all_loss": 1.093461728908799}
{"Losses/train_all_loss": 2.075178285214034}
{"Losses/train_all_loss": 2.3347755562175405}
{"Losses/train_all_loss": 3.077700201760639}
{"Losses/train_all_loss": 2.0554914244196634}
{"Losses/train_all_loss": 2.9551220536231995}
{"Losses/train_all_loss": 2.192095244472677}
