{"Losses/train_all_loss": 7.055169185002645}
{"Losses/train_all_loss": 3.3460989594459534}
{"Losses/train_all_loss": 2.305074234803518}
{"Losses/train_all_loss": 7.641263445218404}
{"Losses/train_all_loss": 1.8519588112831116}
{"Losses/train_all_loss": 4.388085504372914}
{"Losses/train_all_loss": 2.849743982156118}
{"Losses/train_all_loss": 3.787949174642563}
{"Losses/train_all_loss": 4.898010154565175}
{"Losses/train_all_loss": 10.638710816701254}
{"Losses/train_all_loss": 2.705151309569677}
{"Losses/train_all_loss": 2.6541138688723245}
{"Losses/train_all_loss": 8.894290059804916}
{"Losses/train_all_loss": 0.3175003230571747}
{"Losses/train_all_loss": 0.5021333893140157}
{"Losses/train_all_loss": 2.826948622862498}
{"Losses/train_all_loss": 10.452273855606714}
{"Losses/train_all_loss": 5.932598908742269}
{"Losses/train_all_loss": 3.120782474676768}
{"Losses/train_all_loss": 3.8621834913889566}
{"Losses/train_all_loss": 0.4873403509457906}
{"Losses/train_all_loss": 2.11993537346522}
{"Losses/train_all_loss": 0.45052123069763184}
{"Losses/train_all_loss": 2.46744704246521}
{"Losses/train_all_loss": 10.808439095815023}
{"Losses/train_all_loss": 2.3741687337557473}
{"Losses/train_all_loss": 4.285784006118774}
{"Losses/train_all_loss": 2.005597641070684}
{"Losses/train_all_loss": 6.832022498051326}
{"Losses/train_all_loss": 3.6261384089787803}
{"Losses/train_all_loss": 3.401788294315338}
{"Losses/train_all_loss": 2.3887881437937417}
{"Losses/train_all_loss": 0.2935006072123845}
{"Losses/train_all_loss": 4.011538942654927}
{"Losses/train_all_loss": 3.0383384227752686}
{"Losses/train_all_loss": 6.3088342150052386}
{"Losses/train_all_loss": 4.476824045181274}
{"Losses/train_all_loss": 5.086115996042888}
{"Losses/train_all_loss": 0.5122030973434448}
{"Losses/train_all_loss": 1.8982765177885692}
{"Losses/train_all_loss": 6.392658869425456}
{"Losses/train_all_loss": 2.180976370970408}
{"Losses/train_all_loss": 2.309607227643331}
{"Losses/train_all_loss": 3.7300788958867392}
{"Losses/train_all_loss": 4.439697086811066}
{"Losses/train_all_loss": 7.801746209462483}
{"Losses/train_all_loss": 3.372496873140335}
{"Losses/train_all_loss": 4.267174035310745}
{"Losses/train_all_loss": 1.0933661659558613}
{"Losses/train_all_loss": 3.9532403548558555}
{"Losses/train_all_loss": 3.598781645298004}
{"Losses/train_all_loss": 3.935833911101023}
{"Losses/train_all_loss": 2.5434270997842154}
{"Losses/train_all_loss": 3.78435950477918}
{"Losses/train_all_loss": 2.6395227909088135}
{"Losses/train_all_loss": 0.5668644706408182}
{"Losses/train_all_loss": 3.476577361424764}
{"Losses/train_all_loss": 6.834457079569499}
{"Losses/train_all_loss": 2.1530852218468985}
{"Losses/train_all_loss": 0.45060287912686664}
{"Losses/train_all_loss": 1.8929983178774517}
{"Losses/train_all_loss": 1.3613764345645905}
{"Losses/train_all_loss": 7.727120677630107}
{"Losses/train_all_loss": 5.358817994594574}
{"Losses/train_all_loss": 2.1022075017293296}
{"Losses/train_all_loss": 6.734162012736003}
{"Losses/train_all_loss": 3.4416353503863015}
{"Losses/train_all_loss": 1.692138175169627}
{"Losses/train_all_loss": 2.993410269419352}
{"Losses/train_all_loss": 4.1004688590765}
{"Losses/train_all_loss": 0.7482429544130961}
{"Losses/train_all_loss": 8.91045089562734}
{"Losses/train_all_loss": 2.8096596201260886}
{"Losses/train_all_loss": 0.8712748189767202}
{"Losses/train_all_loss": 1.0290585607290268}
