{"Losses/train_all_loss": 3.920515259106954}
{"Losses/train_all_loss": 2.600052535533905}
{"Losses/train_all_loss": 3.863630066315333}
{"Losses/train_all_loss": 2.386814179519812}
{"Losses/train_all_loss": 3.495493029554685}
{"Losses/train_all_loss": 0.9676888237396876}
{"Losses/train_all_loss": 4.130913606534402}
{"Losses/train_all_loss": 3.6482856596509614}
{"Losses/train_all_loss": 3.292723464469115}
{"Losses/train_all_loss": 3.2511045721669993}
{"Losses/train_all_loss": 5.194678698976834}
{"Losses/train_all_loss": 3.6057305509845414}
{"Losses/train_all_loss": 3.704989232122898}
{"Losses/train_all_loss": 1.9750959624846776}
{"Losses/train_all_loss": 3.2517111003398895}
{"Losses/train_all_loss": 12.736962364365658}
{"Losses/train_all_loss": 3.5870946447054544}
{"Losses/train_all_loss": 2.9458338816960654}
{"Losses/train_all_loss": 2.626753680408001}
{"Losses/train_all_loss": 3.228074334561825}
{"Losses/train_all_loss": 4.367389450470607}
{"Losses/train_all_loss": 3.3784937486052513}
{"Losses/train_all_loss": 4.52368809034427}
{"Losses/train_all_loss": 3.181138440966606}
{"Losses/train_all_loss": 2.918923689673344}
{"Losses/train_all_loss": 2.3731333514054618}
{"Losses/train_all_loss": 2.9419008878370128}
{"Losses/train_all_loss": 1.7946044281125069}
{"Losses/train_all_loss": 3.6344881107409797}
{"Losses/train_all_loss": 3.1814530876775584}
{"Losses/train_all_loss": 3.85493932540218}
{"Losses/train_all_loss": 2.8253199234604836}
{"Losses/train_all_loss": 2.5803408386806646}
{"Losses/train_all_loss": 3.2843456429739795}
{"Losses/train_all_loss": 4.004332569738229}
{"Losses/train_all_loss": 2.699465104689201}
{"Losses/train_all_loss": 4.756083361804485}
{"Losses/train_all_loss": 2.025267897794644}
{"Losses/train_all_loss": 4.227782952288787}
{"Losses/train_all_loss": 2.8327227272093296}
{"Losses/train_all_loss": 3.1905757673084736}
{"Losses/train_all_loss": 2.482889054963986}
{"Losses/train_all_loss": 2.602972473949194}
{"Losses/train_all_loss": 2.337128891299168}
{"Losses/train_all_loss": 4.405344465126594}
{"Losses/train_all_loss": 2.5044259006778398}
{"Losses/train_all_loss": 3.055649590988954}
{"Losses/train_all_loss": 2.7967770670851073}
{"Losses/train_all_loss": 7.492827730874221}
{"Losses/train_all_loss": 2.454875941077868}
{"Losses/train_all_loss": 2.468445014208555}
{"Losses/train_all_loss": 2.1377514339983463}
{"Losses/train_all_loss": 2.6370266700784364}
{"Losses/train_all_loss": 2.9364061591525874}
{"Losses/train_all_loss": 2.2541950518886247}
{"Losses/train_all_loss": 2.089619326094786}
{"Losses/train_all_loss": 2.686753654231628}
{"Losses/train_all_loss": 1.749774619936943}
{"Losses/train_all_loss": 3.5220615888635316}
{"Losses/train_all_loss": 2.632774611314138}
{"Losses/train_all_loss": 2.4104947174588838}
{"Losses/train_all_loss": 2.1042782440781593}
{"Losses/train_all_loss": 2.07145473609368}
{"Losses/train_all_loss": 11.059289482732614}
{"Losses/train_all_loss": 1.7903606376300256}
{"Losses/train_all_loss": 2.3439713853100934}
{"Losses/train_all_loss": 2.606364853680134}
{"Losses/train_all_loss": 6.95514506349961}
{"Losses/train_all_loss": 2.055533013616999}
{"Losses/train_all_loss": 3.071012636025747}
{"Losses/train_all_loss": 2.6971552272637687}
{"Losses/train_all_loss": 2.0401445478200912}
{"Losses/train_all_loss": 2.9131687295933566}
{"Losses/train_all_loss": 3.037981236974398}
{"Losses/train_all_loss": 1.8770694459478061}
