{"Losses/train_all_loss": 6.234199834366639}
{"Losses/train_all_loss": 2.590871853133043}
{"Losses/train_all_loss": 5.610802764693896}
{"Losses/train_all_loss": 2.9853269830346107}
{"Losses/train_all_loss": 4.790331569810708}
{"Losses/train_all_loss": 1.141257959107558}
{"Losses/train_all_loss": 5.219415915509065}
{"Losses/train_all_loss": 4.49405450373888}
{"Losses/train_all_loss": 3.516310808559259}
{"Losses/train_all_loss": 3.536328782637914}
{"Losses/train_all_loss": 6.125837206840515}
{"Losses/train_all_loss": 4.520813765625159}
{"Losses/train_all_loss": 4.023089339335759}
{"Losses/train_all_loss": 2.1604102179408073}
{"Losses/train_all_loss": 3.4601110070943832}
{"Losses/train_all_loss": 12.968906246125698}
{"Losses/train_all_loss": 4.370913411180179}
{"Losses/train_all_loss": 3.2452106984953084}
{"Losses/train_all_loss": 2.3760362342000008}
{"Losses/train_all_loss": 3.7067692379156747}
{"Losses/train_all_loss": 4.445078874627749}
{"Losses/train_all_loss": 3.727232384184996}
{"Losses/train_all_loss": 4.450672164559364}
{"Losses/train_all_loss": 3.3082574009895325}
{"Losses/train_all_loss": 3.6512038397292295}
{"Losses/train_all_loss": 3.2665293564399085}
{"Losses/train_all_loss": 3.118172059456507}
{"Losses/train_all_loss": 1.910653514166673}
{"Losses/train_all_loss": 3.705216775337855}
{"Losses/train_all_loss": 3.7803472317755222}
{"Losses/train_all_loss": 3.2424696336189904}
{"Losses/train_all_loss": 2.803214006125927}
{"Losses/train_all_loss": 2.74516603598992}
{"Losses/train_all_loss": 3.4823846531411013}
{"Losses/train_all_loss": 4.001929018646479}
{"Losses/train_all_loss": 2.737401736279329}
{"Losses/train_all_loss": 5.185595225542784}
{"Losses/train_all_loss": 2.294327985495329}
{"Losses/train_all_loss": 4.527486263463895}
{"Losses/train_all_loss": 2.5765473569432893}
{"Losses/train_all_loss": 3.5996234441796937}
{"Losses/train_all_loss": 2.54642632851998}
{"Losses/train_all_loss": 2.6539756767451763}
{"Losses/train_all_loss": 2.744774783651034}
{"Losses/train_all_loss": 4.8647202625870705}
{"Losses/train_all_loss": 2.839115676780542}
{"Losses/train_all_loss": 3.317462875197331}
{"Losses/train_all_loss": 3.8000987991690636}
{"Losses/train_all_loss": 12.272109116117159}
{"Losses/train_all_loss": 2.6306487483282885}
{"Losses/train_all_loss": 2.5959560920794806}
{"Losses/train_all_loss": 2.4506103371580443}
{"Losses/train_all_loss": 3.1368088896075883}
{"Losses/train_all_loss": 3.4050335437059402}
{"Losses/train_all_loss": 2.768465260664622}
{"Losses/train_all_loss": 2.2949645556509495}
{"Losses/train_all_loss": 2.878378910322984}
{"Losses/train_all_loss": 1.8112258271624644}
{"Losses/train_all_loss": 3.364146148165067}
{"Losses/train_all_loss": 2.5173986243704953}
{"Losses/train_all_loss": 2.4364205077290535}
{"Losses/train_all_loss": 2.3778765201568604}
{"Losses/train_all_loss": 2.5580312671760717}
{"Losses/train_all_loss": 11.371288208911816}
{"Losses/train_all_loss": 2.14410350471735}
{"Losses/train_all_loss": 2.8645051506658397}
{"Losses/train_all_loss": 2.6544177855054536}
{"Losses/train_all_loss": 7.763437343140443}
{"Losses/train_all_loss": 2.40085822964708}
{"Losses/train_all_loss": 3.2572765524188676}
{"Losses/train_all_loss": 2.9012889030079045}
{"Losses/train_all_loss": 2.183608596523603}
{"Losses/train_all_loss": 2.889303776125113}
{"Losses/train_all_loss": 3.295556388795376}
{"Losses/train_all_loss": 1.8661728017032146}
