{"Losses/train_all_loss": 4.724571983922612}
{"Losses/train_all_loss": 4.543494926257567}
{"Losses/train_all_loss": 3.8440279256213796}
{"Losses/train_all_loss": 3.279072953896089}
{"Losses/train_all_loss": 3.543674638325518}
{"Losses/train_all_loss": 3.26008742776784}
{"Losses/train_all_loss": 15.567624558102}
{"Losses/train_all_loss": 3.106827809052034}
{"Losses/train_all_loss": 2.422447208653797}
{"Losses/train_all_loss": 3.8717414113608273}
{"Losses/train_all_loss": 4.667752813209187}
{"Losses/train_all_loss": 4.002976975657723}
{"Losses/train_all_loss": 3.2170348980210046}
{"Losses/train_all_loss": 4.610667943954468}
{"Losses/train_all_loss": 3.7192646102471785}
{"Losses/train_all_loss": 4.334088910709728}
{"Losses/train_all_loss": 1.5597784261811862}
{"Losses/train_all_loss": 4.740758925676346}
{"Losses/train_all_loss": 4.035253646698865}
{"Losses/train_all_loss": 2.5626613321629437}
{"Losses/train_all_loss": 7.835865711623972}
{"Losses/train_all_loss": 2.960508488795974}
{"Losses/train_all_loss": 5.219181082465432}
{"Losses/train_all_loss": 2.0982425565069374}
{"Losses/train_all_loss": 3.5551090836524963}
{"Losses/train_all_loss": 3.3462499380111694}
{"Losses/train_all_loss": 22.721161663532257}
{"Losses/train_all_loss": 4.60057861561125}
{"Losses/train_all_loss": 2.341007341038097}
{"Losses/train_all_loss": 1.333792265165936}
{"Losses/train_all_loss": 2.6893689280206505}
{"Losses/train_all_loss": 3.789819722825831}
{"Losses/train_all_loss": 2.2410000400109724}
{"Losses/train_all_loss": 3.0203290473331106}
{"Losses/train_all_loss": 2.370139550078999}
{"Losses/train_all_loss": 2.377632271159779}
{"Losses/train_all_loss": 3.8919743204658683}
{"Losses/train_all_loss": 2.8445537916638632}
{"Losses/train_all_loss": 1.1595135845921256}
{"Losses/train_all_loss": 3.739275040951642}
{"Losses/train_all_loss": 4.104221092029051}
{"Losses/train_all_loss": 1.9238799823956056}
{"Losses/train_all_loss": 3.547343072566119}
{"Losses/train_all_loss": 2.527391562407667}
{"Losses/train_all_loss": 3.0038884573362092}
{"Losses/train_all_loss": 2.7324006489732047}
{"Losses/train_all_loss": 2.4956097548658196}
{"Losses/train_all_loss": 2.19614855538715}
{"Losses/train_all_loss": 7.650606484575705}
{"Losses/train_all_loss": 2.653635845942931}
{"Losses/train_all_loss": 2.0205365148457615}
{"Losses/train_all_loss": 12.491754521023143}
{"Losses/train_all_loss": 13.49362943389199}
{"Losses/train_all_loss": 3.604719562964006}
{"Losses/train_all_loss": 2.9220754124901513}
{"Losses/train_all_loss": 2.0695154693993656}
{"Losses/train_all_loss": 2.2581160962581635}
{"Losses/train_all_loss": 3.011685225096616}
{"Losses/train_all_loss": 3.937663503668525}
{"Losses/train_all_loss": 2.4383660053664986}
{"Losses/train_all_loss": 1.8110833235762336}
{"Losses/train_all_loss": 2.0952168865637346}
{"Losses/train_all_loss": 2.8433293483474036}
{"Losses/train_all_loss": 3.9167613847689196}
{"Losses/train_all_loss": 2.1685888171195984}
{"Losses/train_all_loss": 2.6978351026773453}
{"Losses/train_all_loss": 2.8203070786866276}
{"Losses/train_all_loss": 2.100975814190778}
{"Losses/train_all_loss": 2.2287387996912003}
{"Losses/train_all_loss": 1.7763549577106128}
{"Losses/train_all_loss": 2.448563063686544}
{"Losses/train_all_loss": 2.57116036252542}
{"Losses/train_all_loss": 2.8343347988345404}
{"Losses/train_all_loss": 3.2628513872623444}
{"Losses/train_all_loss": 11.258173924955456}
