{"Losses/train_all_loss": 4.635956384918907}
{"Losses/train_all_loss": 5.247348991307345}
{"Losses/train_all_loss": 4.057554457675327}
{"Losses/train_all_loss": 3.0946656221693214}
{"Losses/train_all_loss": 4.091081700541756}
{"Losses/train_all_loss": 3.5833388512784783}
{"Losses/train_all_loss": 3.417123398997567}
{"Losses/train_all_loss": 2.742740132591941}
{"Losses/train_all_loss": 2.2199511758305808}
{"Losses/train_all_loss": 3.870279049331492}
{"Losses/train_all_loss": 4.233999626203016}
{"Losses/train_all_loss": 3.5111644809896294}
{"Losses/train_all_loss": 2.888454533436082}
{"Losses/train_all_loss": 3.9930652989582582}
{"Losses/train_all_loss": 3.575759004462849}
{"Losses/train_all_loss": 3.4909853732044045}
{"Losses/train_all_loss": 1.5112803998318585}
{"Losses/train_all_loss": 3.9827399389310316}
{"Losses/train_all_loss": 4.092296456748789}
{"Losses/train_all_loss": 2.786435750397769}
{"Losses/train_all_loss": 3.290964430028742}
{"Losses/train_all_loss": 3.4008683643557807}
{"Losses/train_all_loss": 17.444896838881753}
{"Losses/train_all_loss": 2.2995774149894714}
{"Losses/train_all_loss": 4.310155776414004}
{"Losses/train_all_loss": 2.9357344887473364}
{"Losses/train_all_loss": 22.553227560086683}
{"Losses/train_all_loss": 3.7275425615635784}
{"Losses/train_all_loss": 2.403058713132685}
{"Losses/train_all_loss": 1.975101116028699}
{"Losses/train_all_loss": 2.3936643356626686}
{"Losses/train_all_loss": 3.678242090073499}
{"Losses/train_all_loss": 2.5019370954145086}
{"Losses/train_all_loss": 2.7471809685230255}
{"Losses/train_all_loss": 2.5963814204389397}
{"Losses/train_all_loss": 2.19716659730131}
{"Losses/train_all_loss": 3.845858906480399}
{"Losses/train_all_loss": 2.5182612240314484}
{"Losses/train_all_loss": 0.9555615024133162}
{"Losses/train_all_loss": 3.789634482427077}
{"Losses/train_all_loss": 4.021020970561287}
{"Losses/train_all_loss": 2.0044317028739234}
{"Losses/train_all_loss": 3.7083297019655053}
{"Losses/train_all_loss": 2.1818820400671526}
{"Losses/train_all_loss": 2.6747520864009857}
{"Losses/train_all_loss": 2.5838293690573084}
{"Losses/train_all_loss": 2.430849462747574}
{"Losses/train_all_loss": 2.0502486418594015}
{"Losses/train_all_loss": 7.7344005121426145}
{"Losses/train_all_loss": 2.7616732201792975}
{"Losses/train_all_loss": 1.8189419819550081}
{"Losses/train_all_loss": 3.215233634818684}
{"Losses/train_all_loss": 13.281557643955404}
{"Losses/train_all_loss": 3.636961118741469}
{"Losses/train_all_loss": 2.8579933805899187}
{"Losses/train_all_loss": 2.00053471326828}
{"Losses/train_all_loss": 2.195106869394129}
{"Losses/train_all_loss": 2.8859652903946964}
{"Losses/train_all_loss": 3.468093606558713}
{"Losses/train_all_loss": 2.4327798810872165}
{"Losses/train_all_loss": 1.7328778871081092}
{"Losses/train_all_loss": 2.077915519475937}
{"Losses/train_all_loss": 2.876485962759365}
{"Losses/train_all_loss": 3.4750504453073847}
{"Losses/train_all_loss": 2.0405316068367525}
{"Losses/train_all_loss": 2.740284203128381}
{"Losses/train_all_loss": 2.7287240001288326}
{"Losses/train_all_loss": 2.148993130434643}
{"Losses/train_all_loss": 2.462205328724601}
{"Losses/train_all_loss": 2.240018453110348}
{"Losses/train_all_loss": 2.176407892595638}
{"Losses/train_all_loss": 1.962021541866389}
{"Losses/train_all_loss": 2.532108252698725}
{"Losses/train_all_loss": 3.548162051222541}
{"Losses/train_all_loss": 11.43817973407832}
