{"Losses/train_all_loss": 5.508430048823357}
{"Losses/train_all_loss": 3.7375544607639313}
{"Losses/train_all_loss": 5.299161876241366}
{"Losses/train_all_loss": 3.2620285600423813}
{"Losses/train_all_loss": 4.449911889930566}
{"Losses/train_all_loss": 0.8798005903760592}
{"Losses/train_all_loss": 4.0796120427548885}
{"Losses/train_all_loss": 4.448768424491088}
{"Losses/train_all_loss": 3.1986245860656104}
{"Losses/train_all_loss": 3.568989592293898}
{"Losses/train_all_loss": 3.726281280318896}
{"Losses/train_all_loss": 4.212859533727169}
{"Losses/train_all_loss": 3.286546617746353}
{"Losses/train_all_loss": 2.3286149924000106}
{"Losses/train_all_loss": 3.5217610572775206}
{"Losses/train_all_loss": 3.962137307971716}
{"Losses/train_all_loss": 3.1488189275066056}
{"Losses/train_all_loss": 2.9774188796679177}
{"Losses/train_all_loss": 2.5498770996928215}
{"Losses/train_all_loss": 2.822079965223869}
{"Losses/train_all_loss": 5.445804258187612}
{"Losses/train_all_loss": 3.788004902501901}
{"Losses/train_all_loss": 2.866644057134787}
{"Losses/train_all_loss": 2.7697448718051114}
{"Losses/train_all_loss": 4.150061570107937}
{"Losses/train_all_loss": 3.953686024993658}
{"Losses/train_all_loss": 2.5718786592284837}
{"Losses/train_all_loss": 1.8771050249536831}
{"Losses/train_all_loss": 2.435112848877907}
{"Losses/train_all_loss": 2.994164946178595}
{"Losses/train_all_loss": 2.329942158112923}
{"Losses/train_all_loss": 4.445968084037304}
{"Losses/train_all_loss": 2.495672356337309}
{"Losses/train_all_loss": 4.3861206993460655}
{"Losses/train_all_loss": 2.2580446613331637}
{"Losses/train_all_loss": 1.9054444134235382}
{"Losses/train_all_loss": 4.067162908613682}
{"Losses/train_all_loss": 2.388803215076526}
{"Losses/train_all_loss": 3.6318555970986686}
{"Losses/train_all_loss": 2.4567820901672044}
{"Losses/train_all_loss": 3.3933046385645866}
{"Losses/train_all_loss": 2.6070330068469048}
{"Losses/train_all_loss": 2.5952234969784818}
{"Losses/train_all_loss": 1.951015184322993}
{"Losses/train_all_loss": 3.954784423733751}
{"Losses/train_all_loss": 3.047350574284792}
{"Losses/train_all_loss": 3.15984304000934}
{"Losses/train_all_loss": 4.0008176031212015}
{"Losses/train_all_loss": 4.264696930845578}
{"Losses/train_all_loss": 3.3196634153525033}
{"Losses/train_all_loss": 3.112663405636946}
{"Losses/train_all_loss": 2.440066916247209}
{"Losses/train_all_loss": 2.4330203415205083}
{"Losses/train_all_loss": 2.391828561822573}
{"Losses/train_all_loss": 2.6352032839010158}
{"Losses/train_all_loss": 3.69534615923961}
{"Losses/train_all_loss": 3.1147778357068696}
{"Losses/train_all_loss": 2.3403423440953097}
{"Losses/train_all_loss": 3.720553153504928}
{"Losses/train_all_loss": 2.8029060835639634}
{"Losses/train_all_loss": 2.633279817799727}
{"Losses/train_all_loss": 4.682942897081375}
{"Losses/train_all_loss": 2.0936988753577075}
{"Losses/train_all_loss": 2.8868038033445678}
{"Losses/train_all_loss": 1.7236623987555504}
{"Losses/train_all_loss": 2.71226066381981}
{"Losses/train_all_loss": 2.8146133000651994}
{"Losses/train_all_loss": 3.606837885454297}
{"Losses/train_all_loss": 1.9178724239269893}
{"Losses/train_all_loss": 3.4772341400384903}
{"Losses/train_all_loss": 2.6300198175013065}
{"Losses/train_all_loss": 2.6914584760864577}
{"Losses/train_all_loss": 2.777792051434517}
{"Losses/train_all_loss": 4.25792175034682}
{"Losses/train_all_loss": 1.9380316274861495}
{"Losses/train_all_loss": 1.7608812898397446}
{"Losses/train_all_loss": 2.3002894731859365}
{"Losses/train_all_loss": 6.183038039753835}
{"Losses/train_all_loss": 3.2076107996205487}
{"Losses/train_all_loss": 2.8801604074736438}
{"Losses/train_all_loss": 2.5674559896190963}
{"Losses/train_all_loss": 6.005534725884597}
{"Losses/train_all_loss": 1.732442465921243}
{"Losses/train_all_loss": 3.000878632068634}
{"Losses/train_all_loss": 2.7410848860939345}
{"Losses/train_all_loss": 2.3042073796192803}
{"Losses/train_all_loss": 2.3218295934299626}
{"Losses/train_all_loss": 1.8055391268183787}
{"Losses/train_all_loss": 3.5980977155268192}
{"Losses/train_all_loss": 2.6810123485823474}
{"Losses/train_all_loss": 1.33736698081096}
{"Losses/train_all_loss": 2.488706065962712}
{"Losses/train_all_loss": 1.2767794529596965}
{"Losses/train_all_loss": 2.793933610121409}
{"Losses/train_all_loss": 3.1377390349904695}
{"Losses/train_all_loss": 2.322078308711449}
{"Losses/train_all_loss": 7.518207201113303}
{"Losses/train_all_loss": 1.6449878178536892}
{"Losses/train_all_loss": 2.359364374230305}
{"Losses/train_all_loss": 1.7770718137423198}
