{"Losses/train_all_loss": 3.772939467971975}
{"Losses/train_all_loss": 5.568411515517668}
{"Losses/train_all_loss": 4.6227871585976}
{"Losses/train_all_loss": 2.738685583526438}
{"Losses/train_all_loss": 3.5412046800960195}
{"Losses/train_all_loss": 3.589718707583167}
{"Losses/train_all_loss": 2.657614301551472}
{"Losses/train_all_loss": 2.6894002732905475}
{"Losses/train_all_loss": 2.7157612470063297}
{"Losses/train_all_loss": 5.166741544550115}
{"Losses/train_all_loss": 4.278393712910739}
{"Losses/train_all_loss": 3.9668102752078664}
{"Losses/train_all_loss": 4.043218883601102}
{"Losses/train_all_loss": 3.529411097819155}
{"Losses/train_all_loss": 2.851199049841274}
{"Losses/train_all_loss": 3.547552314671603}
{"Losses/train_all_loss": 1.9716497524218126}
{"Losses/train_all_loss": 4.418050958351656}
{"Losses/train_all_loss": 3.5623780461874874}
{"Losses/train_all_loss": 2.5914232351563196}
{"Losses/train_all_loss": 3.2619555429978804}
{"Losses/train_all_loss": 3.0184461162848906}
{"Losses/train_all_loss": 7.028544279662046}
{"Losses/train_all_loss": 4.47519925236702}
{"Losses/train_all_loss": 1.8944957662712445}
{"Losses/train_all_loss": 2.6100158488208596}
{"Losses/train_all_loss": 4.984375460581346}
{"Losses/train_all_loss": 2.4396432868459006}
{"Losses/train_all_loss": 2.5060905069112778}
{"Losses/train_all_loss": 0.8209972787987102}
{"Losses/train_all_loss": 4.321136194196614}
{"Losses/train_all_loss": 3.713209397413514}
{"Losses/train_all_loss": 1.5158197615634312}
{"Losses/train_all_loss": 2.0484589500860735}
{"Losses/train_all_loss": 2.7068378166718916}
{"Losses/train_all_loss": 1.8228452598506755}
{"Losses/train_all_loss": 3.35497824576768}
{"Losses/train_all_loss": 2.3748173971067774}
{"Losses/train_all_loss": 1.1479759582064368}
{"Losses/train_all_loss": 24.349839154969562}
{"Losses/train_all_loss": 3.860009483315728}
{"Losses/train_all_loss": 1.3145146613771266}
{"Losses/train_all_loss": 3.6688282124020835}
{"Losses/train_all_loss": 2.1430262584577906}
{"Losses/train_all_loss": 2.4641062698581}
{"Losses/train_all_loss": 2.0331953411752526}
{"Losses/train_all_loss": 1.9287223612720317}
{"Losses/train_all_loss": 2.3936685621738434}
{"Losses/train_all_loss": 3.578497812151909}
{"Losses/train_all_loss": 2.471548619595441}
{"Losses/train_all_loss": 1.682425321503119}
{"Losses/train_all_loss": 3.479770839214325}
{"Losses/train_all_loss": 3.495655269785361}
{"Losses/train_all_loss": 2.647120699286461}
{"Losses/train_all_loss": 2.378115954724225}
{"Losses/train_all_loss": 1.9189619652249597}
{"Losses/train_all_loss": 2.265769576484507}
{"Losses/train_all_loss": 2.7414765655994415}
{"Losses/train_all_loss": 3.814320645549081}
{"Losses/train_all_loss": 1.947776966474273}
{"Losses/train_all_loss": 1.837606663053686}
{"Losses/train_all_loss": 2.2125890119509264}
{"Losses/train_all_loss": 3.2044438787482004}
{"Losses/train_all_loss": 2.150225142186338}
{"Losses/train_all_loss": 2.3424625356088984}
{"Losses/train_all_loss": 2.7244650423526764}
{"Losses/train_all_loss": 2.3127733116800133}
{"Losses/train_all_loss": 2.0653850876472215}
{"Losses/train_all_loss": 0.9508071690797806}
{"Losses/train_all_loss": 2.12592891942371}
{"Losses/train_all_loss": 2.162574842572212}
{"Losses/train_all_loss": 2.7698192217133264}
{"Losses/train_all_loss": 1.5859848328612067}
{"Losses/train_all_loss": 2.7531574585221033}
{"Losses/train_all_loss": 2.1867300326173957}
