{"Trainer/where": 0.007638888888888889, "Trainer/epoch": 0, "Trainer/steps_train": 12}
{"Trainer/where": 0.01597222222222222, "Trainer/epoch": 1, "Trainer/steps_train": 24}
{"Trainer/where": 0.024305555555555556, "Trainer/epoch": 2, "Trainer/steps_train": 36}
{"Trainer/where": 0.03263888888888889, "Trainer/epoch": 3, "Trainer/steps_train": 48}
{"Trainer/where": 0.04097222222222222, "Trainer/epoch": 4, "Trainer/steps_train": 60}
{"Trainer/where": 0.04930555555555556, "Trainer/epoch": 5, "Trainer/steps_train": 72}
{"Trainer/where": 0.05763888888888889, "Trainer/epoch": 6, "Trainer/steps_train": 84}
{"Trainer/where": 0.06597222222222222, "Trainer/epoch": 7, "Trainer/steps_train": 96}
{"Trainer/where": 0.07430555555555556, "Trainer/epoch": 8, "Trainer/steps_train": 108}
{"Trainer/where": 0.08263888888888889, "Trainer/epoch": 9, "Trainer/steps_train": 120}
{"Trainer/where": 0.09097222222222222, "Trainer/epoch": 10, "Trainer/steps_train": 132}
{"Trainer/where": 0.09930555555555555, "Trainer/epoch": 11, "Trainer/steps_train": 144}
{"Trainer/where": 0.10763888888888888, "Trainer/epoch": 12, "Trainer/steps_train": 156}
{"Trainer/where": 0.11597222222222221, "Trainer/epoch": 13, "Trainer/steps_train": 168}
{"Trainer/where": 0.12430555555555554, "Trainer/epoch": 14, "Trainer/steps_train": 180}
{"Trainer/where": 0.1326388888888889, "Trainer/epoch": 15, "Trainer/steps_train": 192}
{"Trainer/where": 0.14097222222222222, "Trainer/epoch": 16, "Trainer/steps_train": 204}
{"Trainer/where": 0.14930555555555555, "Trainer/epoch": 17, "Trainer/steps_train": 216}
{"Trainer/where": 0.1576388888888889, "Trainer/epoch": 18, "Trainer/steps_train": 228}
{"Trainer/where": 0.16597222222222224, "Trainer/epoch": 19, "Trainer/steps_train": 240}
{"Trainer/where": 0.17430555555555557, "Trainer/epoch": 20, "Trainer/steps_train": 252}
{"Trainer/where": 0.1826388888888889, "Trainer/epoch": 21, "Trainer/steps_train": 264}
{"Trainer/where": 0.19097222222222224, "Trainer/epoch": 22, "Trainer/steps_train": 276}
{"Trainer/where": 0.19930555555555557, "Trainer/epoch": 23, "Trainer/steps_train": 288}
{"Trainer/where": 0.2076388888888889, "Trainer/epoch": 24, "Trainer/steps_train": 300}
{"Trainer/where": 0.21597222222222223, "Trainer/epoch": 25, "Trainer/steps_train": 312}
{"Trainer/where": 0.22430555555555556, "Trainer/epoch": 26, "Trainer/steps_train": 324}
{"Trainer/where": 0.2326388888888889, "Trainer/epoch": 27, "Trainer/steps_train": 336}
{"Trainer/where": 0.24097222222222223, "Trainer/epoch": 28, "Trainer/steps_train": 348}
{"Trainer/where": 0.24930555555555556, "Trainer/epoch": 29, "Trainer/steps_train": 360}
{"Trainer/where": 0.2576388888888889, "Trainer/epoch": 30, "Trainer/steps_train": 372}
{"Trainer/where": 0.2659722222222222, "Trainer/epoch": 31, "Trainer/steps_train": 384}
{"Trainer/where": 0.2743055555555555, "Trainer/epoch": 32, "Trainer/steps_train": 396}
{"Trainer/where": 0.2826388888888889, "Trainer/epoch": 33, "Trainer/steps_train": 408}
{"Trainer/where": 0.2909722222222222, "Trainer/epoch": 34, "Trainer/steps_train": 420}
{"Trainer/where": 0.29930555555555555, "Trainer/epoch": 35, "Trainer/steps_train": 432}
{"Trainer/where": 0.30763888888888885, "Trainer/epoch": 36, "Trainer/steps_train": 444}
{"Trainer/where": 0.3159722222222222, "Trainer/epoch": 37, "Trainer/steps_train": 456}
{"Trainer/where": 0.3243055555555555, "Trainer/epoch": 38, "Trainer/steps_train": 468}
{"Trainer/where": 0.3326388888888889, "Trainer/epoch": 39, "Trainer/steps_train": 480}
{"Trainer/where": 0.3409722222222222, "Trainer/epoch": 40, "Trainer/steps_train": 492}
{"Trainer/where": 0.34930555555555554, "Trainer/epoch": 41, "Trainer/steps_train": 504}
{"Trainer/where": 0.3576388888888889, "Trainer/epoch": 42, "Trainer/steps_train": 516}
{"Trainer/where": 0.3659722222222222, "Trainer/epoch": 43, "Trainer/steps_train": 528}
{"Trainer/where": 0.37430555555555556, "Trainer/epoch": 44, "Trainer/steps_train": 540}
{"Trainer/where": 0.38263888888888886, "Trainer/epoch": 45, "Trainer/steps_train": 552}
{"Trainer/where": 0.3909722222222222, "Trainer/epoch": 46, "Trainer/steps_train": 564}
{"Trainer/where": 0.3993055555555555, "Trainer/epoch": 47, "Trainer/steps_train": 576}
{"Trainer/where": 0.4076388888888889, "Trainer/epoch": 48, "Trainer/steps_train": 588}
{"Trainer/where": 0.4159722222222222, "Trainer/epoch": 49, "Trainer/steps_train": 600}
{"Trainer/where": 0.42430555555555555, "Trainer/epoch": 50, "Trainer/steps_train": 612}
{"Trainer/where": 0.43263888888888885, "Trainer/epoch": 51, "Trainer/steps_train": 624}
{"Trainer/where": 0.4409722222222222, "Trainer/epoch": 52, "Trainer/steps_train": 636}
{"Trainer/where": 0.4493055555555555, "Trainer/epoch": 53, "Trainer/steps_train": 648}
{"Trainer/where": 0.4576388888888889, "Trainer/epoch": 54, "Trainer/steps_train": 660}
{"Trainer/where": 0.4659722222222222, "Trainer/epoch": 55, "Trainer/steps_train": 672}
{"Trainer/where": 0.47430555555555554, "Trainer/epoch": 56, "Trainer/steps_train": 684}
{"Trainer/where": 0.4826388888888889, "Trainer/epoch": 57, "Trainer/steps_train": 696}
{"Trainer/where": 0.4909722222222222, "Trainer/epoch": 58, "Trainer/steps_train": 708}
{"Trainer/where": 0.49930555555555556, "Trainer/epoch": 59, "Trainer/steps_train": 720}
{"Trainer/where": 0.5076388888888889, "Trainer/epoch": 60, "Trainer/steps_train": 732}
{"Trainer/where": 0.5159722222222222, "Trainer/epoch": 61, "Trainer/steps_train": 744}
{"Trainer/where": 0.5243055555555556, "Trainer/epoch": 62, "Trainer/steps_train": 756}
{"Trainer/where": 0.5326388888888889, "Trainer/epoch": 63, "Trainer/steps_train": 768}
{"Trainer/where": 0.5409722222222223, "Trainer/epoch": 64, "Trainer/steps_train": 780}
{"Trainer/where": 0.5493055555555556, "Trainer/epoch": 65, "Trainer/steps_train": 792}
{"Trainer/where": 0.5576388888888889, "Trainer/epoch": 66, "Trainer/steps_train": 804}
{"Trainer/where": 0.5659722222222222, "Trainer/epoch": 67, "Trainer/steps_train": 816}
{"Trainer/where": 0.5743055555555556, "Trainer/epoch": 68, "Trainer/steps_train": 828}
{"Trainer/where": 0.5826388888888889, "Trainer/epoch": 69, "Trainer/steps_train": 840}
{"Trainer/where": 0.5909722222222222, "Trainer/epoch": 70, "Trainer/steps_train": 852}
{"Trainer/where": 0.5993055555555556, "Trainer/epoch": 71, "Trainer/steps_train": 864}
{"Trainer/where": 0.607638888888889, "Trainer/epoch": 72, "Trainer/steps_train": 876}
{"Trainer/where": 0.6159722222222223, "Trainer/epoch": 73, "Trainer/steps_train": 888}
{"Trainer/where": 0.6243055555555556, "Trainer/epoch": 74, "Trainer/steps_train": 900}
{"Trainer/where": 0.632638888888889, "Trainer/epoch": 75, "Trainer/steps_train": 912}
{"Trainer/where": 0.6409722222222223, "Trainer/epoch": 76, "Trainer/steps_train": 924}
{"Trainer/where": 0.6493055555555556, "Trainer/epoch": 77, "Trainer/steps_train": 936}
{"Trainer/where": 0.6576388888888889, "Trainer/epoch": 78, "Trainer/steps_train": 948}
{"Trainer/where": 0.6659722222222223, "Trainer/epoch": 79, "Trainer/steps_train": 960}
{"Trainer/where": 0.6743055555555556, "Trainer/epoch": 80, "Trainer/steps_train": 972}
{"Trainer/where": 0.6826388888888889, "Trainer/epoch": 81, "Trainer/steps_train": 984}
{"Trainer/where": 0.6909722222222222, "Trainer/epoch": 82, "Trainer/steps_train": 996}
{"Trainer/where": 0.6993055555555556, "Trainer/epoch": 83, "Trainer/steps_train": 1008}
{"Trainer/where": 0.7076388888888889, "Trainer/epoch": 84, "Trainer/steps_train": 1020}
{"Trainer/where": 0.7159722222222222, "Trainer/epoch": 85, "Trainer/steps_train": 1032}
{"Trainer/where": 0.7243055555555556, "Trainer/epoch": 86, "Trainer/steps_train": 1044}
{"Trainer/where": 0.732638888888889, "Trainer/epoch": 87, "Trainer/steps_train": 1056}
{"Trainer/where": 0.7409722222222223, "Trainer/epoch": 88, "Trainer/steps_train": 1068}
{"Trainer/where": 0.7493055555555556, "Trainer/epoch": 89, "Trainer/steps_train": 1080}
{"Trainer/where": 0.757638888888889, "Trainer/epoch": 90, "Trainer/steps_train": 1092}
{"Trainer/where": 0.7659722222222223, "Trainer/epoch": 91,