{"Losses/train_all_loss": 4.168053722629945}
{"Losses/train_all_loss": 2.883224548151096}
{"Losses/train_all_loss": 5.333023736874263}
{"Losses/train_all_loss": 3.08970258012414}
{"Losses/train_all_loss": 3.833315446972847}
{"Losses/train_all_loss": 2.1888527957101664}
{"Losses/train_all_loss": 3.222740214318037}
{"Losses/train_all_loss": 7.853146626303594}
{"Losses/train_all_loss": 3.187107299764951}
{"Losses/train_all_loss": 3.2704820980628333}
{"Losses/train_all_loss": 4.458945003648599}
{"Losses/train_all_loss": 5.2703150523205595}
{"Losses/train_all_loss": 2.801232530424992}
{"Losses/train_all_loss": 2.4946084693074226}
{"Losses/train_all_loss": 4.542090671757857}
{"Losses/train_all_loss": 3.7594932578504086}
{"Losses/train_all_loss": 3.890695009380579}
{"Losses/train_all_loss": 3.581697622934977}
{"Losses/train_all_loss": 2.8734256823857627}
{"Losses/train_all_loss": 3.2573602286477885}
{"Losses/train_all_loss": 3.570920849839846}
{"Losses/train_all_loss": 3.7916875506440797}
{"Losses/train_all_loss": 3.8699714628358683}
{"Losses/train_all_loss": 3.0966520669559636}
{"Losses/train_all_loss": 4.122485627730687}
{"Losses/train_all_loss": 2.5849673338234425}
{"Losses/train_all_loss": 2.4584638935824237}
{"Losses/train_all_loss": 2.7734341894586882}
{"Losses/train_all_loss": 3.2593452458580336}
{"Losses/train_all_loss": 2.9619421983758607}
{"Losses/train_all_loss": 1.8899557702243328}
{"Losses/train_all_loss": 2.1679050028324127}
{"Losses/train_all_loss": 3.157123384376367}
{"Losses/train_all_loss": 3.198833187421163}
{"Losses/train_all_loss": 2.3186577036976814}
{"Losses/train_all_loss": 1.9396800523002942}
{"Losses/train_all_loss": 6.494330118099849}
{"Losses/train_all_loss": 3.1138605251908302}
{"Losses/train_all_loss": 3.294585183262825}
{"Losses/train_all_loss": 3.029480001578728}
{"Losses/train_all_loss": 4.414315462112427}
{"Losses/train_all_loss": 2.898282580077648}
{"Losses/train_all_loss": 2.916294254362583}
{"Losses/train_all_loss": 2.0199161767959595}
{"Losses/train_all_loss": 4.129030662278335}
{"Losses/train_all_loss": 2.911311494807402}
{"Losses/train_all_loss": 2.88561192403237}
{"Losses/train_all_loss": 3.4765336215496063}
{"Losses/train_all_loss": 3.427728603283564}
{"Losses/train_all_loss": 2.543202083868285}
{"Losses/train_all_loss": 2.969963502138853}
{"Losses/train_all_loss": 2.256357947985331}
{"Losses/train_all_loss": 3.7309861245254674}
{"Losses/train_all_loss": 2.7284495582183204}
{"Losses/train_all_loss": 2.2027483011285462}
{"Losses/train_all_loss": 3.2288503920038543}
{"Losses/train_all_loss": 3.907695467273394}
{"Losses/train_all_loss": 2.0506221167743206}
{"Losses/train_all_loss": 2.459220132480065}
{"Losses/train_all_loss": 4.031493227928877}
{"Losses/train_all_loss": 2.924324611822764}
{"Losses/train_all_loss": 2.467492097367843}
{"Losses/train_all_loss": 1.9376590934892495}
{"Losses/train_all_loss": 1.9982992137471836}
{"Losses/train_all_loss": 4.180979686478774}
{"Losses/train_all_loss": 2.2337927048405013}
{"Losses/train_all_loss": 1.4714118738969166}
{"Losses/train_all_loss": 3.5636015782753625}
{"Losses/train_all_loss": 2.1566026446719966}
{"Losses/train_all_loss": 2.9497304235895476}
{"Losses/train_all_loss": 2.5281891288856664}
{"Losses/train_all_loss": 3.1916044242680073}
{"Losses/train_all_loss": 2.912449666609367}
{"Losses/train_all_loss": 2.9609139524400234}
{"Losses/train_all_loss": 1.8727764387925465}
{"Losses/train_all_loss": 2.590296590079864}
{"Losses/train_all_loss": 3.1909680602451167}
{"Losses/train_all_loss": 2.678890417019526}
{"Losses/train_all_loss": 2.961330713083347}
{"Losses/train_all_loss": 13.746187144269546}
{"Losses/train_all_loss": 2.851949706673622}
{"Losses/train_all_loss": 1.3773351932565372}
{"Losses/train_all_loss": 1.2807152681052685}
{"Losses/train_all_loss": 3.6983829339345298}
{"Losses/train_all_loss": 3.143755974868933}
{"Losses/train_all_loss": 1.8525350627799828}
{"Losses/train_all_loss": 3.803996446232001}
{"Losses/train_all_loss": 1.6645404361188412}
{"Losses/train_all_loss": 3.2987653811772666}
{"Losses/train_all_loss": 2.5468337908387184}
{"Losses/train_all_loss": 1.1141313991198938}
{"Losses/train_all_loss": 2.705828066294392}
{"Losses/train_all_loss": 2.0902463688204684}
{"Losses/train_all_loss": 2.8169828907897076}
{"Losses/train_all_loss": 3.255082587401072}
{"Losses/train_all_loss": 2.40340664361914}
{"Losses/train_all_loss": 3.431911033888658}
{"Losses/train_all_loss": 2.929426225523154}
{"Losses/train_all_loss": 2.549033193538586}
{"Losses/train_all_loss": 1.9155280143022537}
{"Losses/train_all_loss": 2.54975630218784}
{"Losses/train_all_loss": 2.914180539548397}
{"Losses/train_all_loss": 2.139323419580857}
{"Losses/train_all_loss": 1.9196587490538757}
{"Losses/train_all_loss": 2.884342674165964}
{"Losses/train_all_loss": 4.61755762125055}
{"Losses/train_all_loss": 2.1176761177678904}
{"Losses/train_all_loss": 2.794773872320851}
{"Losses/train_all_loss": 2.5870043337345123}
{"Losses/train_all_loss": 3.560584985961517}
{"Losses/train_all_loss": 2.4737649261951447}
{"Losses/train_all_loss": 3.025422646353642}
{"Losses/train_all_loss": 2.2495863884687424}
{"Losses/train_all_loss": 3.034249565253655}
{"Losses/train_all_loss": 1.2354854829609394}
{"Losses/train_all_loss": 1.4930738645295303}
{"Losses/train_all_loss": 3.014361468454202}
{"Losses/train_all_loss": 2.503714680671692}
{"Losses/train_all_loss": 10.761248571177324}
{"Losses/train_all_loss": 3.096312994758288}
