{"Trainer/where": 0.009166666666666667, "Trainer/epoch": 0, "Trainer/steps_train": 12}
{"Trainer/where": 0.019166666666666665, "Trainer/epoch": 1, "Trainer/steps_train": 24}
{"Trainer/where": 0.029166666666666664, "Trainer/epoch": 2, "Trainer/steps_train": 36}
{"Trainer/where": 0.03916666666666666, "Trainer/epoch": 3, "Trainer/steps_train": 48}
{"Trainer/where": 0.04916666666666667, "Trainer/epoch": 4, "Trainer/steps_train": 60}
{"Trainer/where": 0.05916666666666667, "Trainer/epoch": 5, "Trainer/steps_train": 72}
{"Trainer/where": 0.06916666666666667, "Trainer/epoch": 6, "Trainer/steps_train": 84}
{"Trainer/where": 0.07916666666666666, "Trainer/epoch": 7, "Trainer/steps_train": 96}
{"Trainer/where": 0.08916666666666666, "Trainer/epoch": 8, "Trainer/steps_train": 108}
{"Trainer/where": 0.09916666666666667, "Trainer/epoch": 9, "Trainer/steps_train": 120}
{"Trainer/where": 0.10916666666666666, "Trainer/epoch": 10, "Trainer/steps_train": 132}
{"Trainer/where": 0.11916666666666666, "Trainer/epoch": 11, "Trainer/steps_train": 144}
{"Trainer/where": 0.12916666666666665, "Trainer/epoch": 12, "Trainer/steps_train": 156}
{"Trainer/where": 0.13916666666666666, "Trainer/epoch": 13, "Trainer/steps_train": 168}
{"Trainer/where": 0.14916666666666667, "Trainer/epoch": 14, "Trainer/steps_train": 180}
{"Trainer/where": 0.15916666666666665, "Trainer/epoch": 15, "Trainer/steps_train": 192}
{"Trainer/where": 0.1691666666666667, "Trainer/epoch": 16, "Trainer/steps_train": 204}
{"Trainer/where": 0.17916666666666667, "Trainer/epoch": 17, "Trainer/steps_train": 216}
{"Trainer/where": 0.18916666666666668, "Trainer/epoch": 18, "Trainer/steps_train": 228}
{"Trainer/where": 0.1991666666666667, "Trainer/epoch": 19, "Trainer/steps_train": 240}
{"Trainer/where": 0.20916666666666667, "Trainer/epoch": 20, "Trainer/steps_train": 252}
{"Trainer/where": 0.21916666666666668, "Trainer/epoch": 21, "Trainer/steps_train": 264}
{"Trainer/where": 0.22916666666666669, "Trainer/epoch": 22, "Trainer/steps_train": 276}
{"Trainer/where": 0.23916666666666667, "Trainer/epoch": 23, "Trainer/steps_train": 288}
{"Trainer/where": 0.24916666666666668, "Trainer/epoch": 24, "Trainer/steps_train": 300}
{"Trainer/where": 0.25916666666666666, "Trainer/epoch": 25, "Trainer/steps_train": 312}
{"Trainer/where": 0.26916666666666667, "Trainer/epoch": 26, "Trainer/steps_train": 324}
{"Trainer/where": 0.2791666666666667, "Trainer/epoch": 27, "Trainer/steps_train": 336}
{"Trainer/where": 0.2891666666666667, "Trainer/epoch": 28, "Trainer/steps_train": 348}
{"Trainer/where": 0.2991666666666667, "Trainer/epoch": 29, "Trainer/steps_train": 360}
{"Trainer/where": 0.3091666666666667, "Trainer/epoch": 30, "Trainer/steps_train": 372}
{"Trainer/where": 0.31916666666666665, "Trainer/epoch": 31, "Trainer/steps_train": 384}
{"Trainer/where": 0.32916666666666666, "Trainer/epoch": 32, "Trainer/steps_train": 396}
{"Trainer/where": 0.3391666666666666, "Trainer/epoch": 33, "Trainer/steps_train": 408}
{"Trainer/where": 0.3491666666666666, "Trainer/epoch": 34, "Trainer/steps_train": 420}
{"Trainer/where": 0.35916666666666663, "Trainer/epoch": 35, "Trainer/steps_train": 432}
{"Trainer/where": 0.36916666666666664, "Trainer/epoch": 36, "Trainer/steps_train": 444}
{"Trainer/where": 0.37916666666666665, "Trainer/epoch": 37, "Trainer/steps_train": 456}
{"Trainer/where": 0.38916666666666666, "Trainer/epoch": 38, "Trainer/steps_train": 468}
{"Trainer/where": 0.39916666666666667, "Trainer/epoch": 39, "Trainer/steps_train": 480}
{"Trainer/where": 0.4091666666666666, "Trainer/epoch": 40, "Trainer/steps_train": 492}
{"Trainer/where": 0.41916666666666663, "Trainer/epoch": 41, "Trainer/steps_train": 504}
{"Trainer/where": 0.42916666666666664, "Trainer/epoch": 42, "Trainer/steps_train": 516}
{"Trainer/where": 0.43916666666666665, "Trainer/epoch": 43, "Trainer/steps_train": 528}
{"Trainer/where": 0.44916666666666666, "Trainer/epoch": 44, "Trainer/steps_train": 540}
{"Trainer/where": 0.45916666666666667, "Trainer/epoch": 45, "Trainer/steps_train": 552}
{"Trainer/where": 0.4691666666666666, "Trainer/epoch": 46, "Trainer/steps_train": 564}
{"Trainer/where": 0.47916666666666663, "Trainer/epoch": 47, "Trainer/steps_train": 576}
{"Trainer/where": 0.48916666666666664, "Trainer/epoch": 48, "Trainer/steps_train": 588}
{"Trainer/where": 0.49916666666666665, "Trainer/epoch": 49, "Trainer/steps_train": 600}
{"Trainer/where": 0.5091666666666667, "Trainer/epoch": 50, "Trainer/steps_train": 612}
{"Trainer/where": 0.5191666666666667, "Trainer/epoch": 51, "Trainer/steps_train": 624}
{"Trainer/where": 0.5291666666666667, "Trainer/epoch": 52, "Trainer/steps_train": 636}
{"Trainer/where": 0.5391666666666667, "Trainer/epoch": 53, "Trainer/steps_train": 648}
{"Trainer/where": 0.5491666666666667, "Trainer/epoch": 54, "Trainer/steps_train": 660}
{"Trainer/where": 0.5591666666666666, "Trainer/epoch": 55, "Trainer/steps_train": 672}
{"Trainer/where": 0.5691666666666666, "Trainer/epoch": 56, "Trainer/steps_train": 684}
{"Trainer/where": 0.5791666666666666, "Trainer/epoch": 57, "Trainer/steps_train": 696}
{"Trainer/where": 0.5891666666666666, "Trainer/epoch": 58, "Trainer/steps_train": 708}
{"Trainer/where": 0.5991666666666666, "Trainer/epoch": 59, "Trainer/steps_train": 720}
{"Trainer/where": 0.6091666666666666, "Trainer/epoch": 60, "Trainer/steps_train": 732}
{"Trainer/where": 0.6191666666666666, "Trainer/epoch": 61, "Trainer/steps_train": 744}
{"Trainer/where": 0.6291666666666667, "Trainer/epoch": 62, "Trainer/steps_train": 756}
{"Trainer/where": 0.6391666666666667, "Trainer/epoch": 63, "Trainer/steps_train": 768}
{"Trainer/where": 0.6491666666666667, "Trainer/epoch": 64, "Trainer/steps_train": 780}
{"Trainer/where": 0.6591666666666667, "Trainer/epoch": 65, "Trainer/steps_train": 792}
{"Trainer/where": 0.6691666666666667, "Trainer/epoch": 66, "Trainer/steps_train": 804}
{"Trainer/where": 0.6791666666666667, "Trainer/epoch": 67, "Trainer/steps_train": 816}
{"Trainer/where": 0.6891666666666667, "Trainer/epoch": 68, "Trainer/steps_train": 828}
{"Trainer/where": 0.6991666666666667, "Trainer/epoch": 69, "Trainer/steps_train": 840}
{"Trainer/where": 0.7091666666666667, "Trainer/epoch": 70, "Trainer/steps_train": 852}
{"Trainer/where": 0.7191666666666667, "Trainer/epoch": 71, "Trainer/steps_train": 864}
{"Trainer/where": 0.7291666666666667, "Trainer/epoch": 72, "Trainer/steps_train": 876}
{"Trainer/where": 0.7391666666666667, "Trainer/epoch": 73, "Trainer/steps_train": 888}
{"Trainer/where": 0.7491666666666668, "Trainer/epoch": 74, "Trainer/steps_train": 900}
{"Trainer/where": 0.7591666666666668, "Trainer/epoch": 75, "Trainer/steps_train": 912}
{"Trainer/where": 0.7691666666666667, "Trainer/epoch": 76, "Trainer/steps_train": 924}
{"Trainer/where": 0.7791666666666667, "Trainer/epoch": 77, "Trainer/steps_train": 936}
{"Trainer/where": 0.7891666666666667, "Trainer/epoch": 78, "Trainer/steps_train": 948}
{"Trainer/where": 0.7991666666666667, "Trainer/epoch": 79, "Trainer/steps_train": 960}
{"Trainer/where": 0.8091666666666667, "Trainer/epoch": 80, "Trainer/steps_train": 972}
{"Trainer/where": 0.8191666666666667, "Trainer/epoch": 81, "Trainer/steps_train": 984}
{"Trainer/where": 0.8291666666666667, "Trainer/epoch": 82, "Trainer/steps_train": 996}
{"Trainer/where": 0.8391666666666667, "Trainer/epoch": 83, "Trainer/steps_train": 1008}
{"Trainer/where": 0.8491666666666667, "Trainer/epoch": 84, "Trainer/steps_train": 1020}
{"Trainer/where": 0.8591666666666667, "Trainer/epoch": 85, "Trainer/steps_train": 1032}
{"Trainer/where": 0.8691666666666668, "Trainer/epoch": 86, "Trainer/steps_train": 1044}
{"Trainer/where": 0.8791666666666668, "Trainer/epoch": 87, "Trainer/steps_train": 1056}
{"Trainer/where": 0.8891666666666667, "Trainer/epoch": 88, "Trainer/steps_train": 1068}
{"Trainer/where": 0.8991666666666667, "Trainer/epoch": 89, "Trainer/steps_train": 1080}
{"Trainer/where": 0.9091666666666667, "Trainer/epoch": 90, "Trainer/steps_train": 1092}
{"Trainer/where": 0.9191666666666667,