{"Losses/train_all_loss": 4.969084757069747}
{"Losses/train_all_loss": 4.249245600154002}
{"Losses/train_all_loss": 5.963057391345501}
{"Losses/train_all_loss": 3.6675081700086594}
{"Losses/train_all_loss": 4.747981856266658}
{"Losses/train_all_loss": 1.0244415427247684}
{"Losses/train_all_loss": 3.7474339231848717}
{"Losses/train_all_loss": 4.544473240772883}
{"Losses/train_all_loss": 3.0069045424461365}
{"Losses/train_all_loss": 3.7462432955702147}
{"Losses/train_all_loss": 4.102387013534705}
{"Losses/train_all_loss": 4.094768203794956}
{"Losses/train_all_loss": 2.8008052855730057}
{"Losses/train_all_loss": 2.1374684994419417}
{"Losses/train_all_loss": 3.3210441321134567}
{"Losses/train_all_loss": 3.9626044295728207}
{"Losses/train_all_loss": 2.843980590502421}
{"Losses/train_all_loss": 3.621352662642797}
{"Losses/train_all_loss": 2.2985106830795607}
{"Losses/train_all_loss": 2.821819951136907}
{"Losses/train_all_loss": 5.767196307579677}
{"Losses/train_all_loss": 3.3428337747852006}
{"Losses/train_all_loss": 2.8261952015260854}
{"Losses/train_all_loss": 3.3367034743229547}
{"Losses/train_all_loss": 3.90539612993598}
{"Losses/train_all_loss": 3.6518579944968224}
{"Losses/train_all_loss": 2.172889923055967}
{"Losses/train_all_loss": 1.7565116758147876}
{"Losses/train_all_loss": 3.022656075656414}
{"Losses/train_all_loss": 3.191727951169014}
{"Losses/train_all_loss": 2.6619471982121468}
{"Losses/train_all_loss": 4.00909806912144}
{"Losses/train_all_loss": 2.4661190509796143}
{"Losses/train_all_loss": 4.1646949822704}
{"Losses/train_all_loss": 2.513156826297442}
{"Losses/train_all_loss": 1.9662332187096279}
{"Losses/train_all_loss": 4.0772233456373215}
{"Losses/train_all_loss": 2.4107436475654445}
{"Losses/train_all_loss": 4.328106323877971}
{"Losses/train_all_loss": 2.3711099922657013}
{"Losses/train_all_loss": 2.947874332467715}
{"Losses/train_all_loss": 2.2552152077356973}
{"Losses/train_all_loss": 2.736933898180723}
{"Losses/train_all_loss": 1.976181760430336}
{"Losses/train_all_loss": 3.8735910318791866}
{"Losses/train_all_loss": 2.394703152279059}
{"Losses/train_all_loss": 3.582400944083929}
{"Losses/train_all_loss": 3.4937637175122895}
{"Losses/train_all_loss": 3.6495196695129075}
{"Losses/train_all_loss": 2.843826318780581}
{"Losses/train_all_loss": 2.877448558807373}
{"Losses/train_all_loss": 2.134415174523989}
{"Losses/train_all_loss": 2.482813569406668}
{"Losses/train_all_loss": 2.5114032924175262}
{"Losses/train_all_loss": 2.0822763703763485}
{"Losses/train_all_loss": 3.7869219283262887}
{"Losses/train_all_loss": 2.965917058289051}
{"Losses/train_all_loss": 2.3658803614477315}
{"Losses/train_all_loss": 3.1776153594255447}
{"Losses/train_all_loss": 2.6662749548753104}
{"Losses/train_all_loss": 2.51208009570837}
{"Losses/train_all_loss": 4.278549847503503}
{"Losses/train_all_loss": 2.1169489603489637}
{"Losses/train_all_loss": 2.7721465279658637}
{"Losses/train_all_loss": 1.546144546320041}
{"Losses/train_all_loss": 2.585064785865446}
{"Losses/train_all_loss": 2.5609828593830266}
{"Losses/train_all_loss": 3.9598426235218844}
{"Losses/train_all_loss": 2.0379535692433515}
{"Losses/train_all_loss": 3.8404804468154907}
{"Losses/train_all_loss": 2.4836215203007064}
{"Losses/train_all_loss": 3.0657713810602822}
{"Losses/train_all_loss": 3.0836050460735955}
{"Losses/train_all_loss": 3.804669419924418}
{"Losses/train_all_loss": 1.7031819969415665}
{"Losses/train_all_loss": 1.7880689923961957}
{"Losses/train_all_loss": 2.3923478362460933}
{"Losses/train_all_loss": 6.599586380024751}
{"Losses/train_all_loss": 3.3324868753552437}
{"Losses/train_all_loss": 2.6399140308300653}
{"Losses/train_all_loss": 2.598822814722856}
{"Losses/train_all_loss": 5.455066863447428}
{"Losses/train_all_loss": 1.710303995758295}
{"Losses/train_all_loss": 2.902405778566996}
{"Losses/train_all_loss": 2.500371058781942}
{"Losses/train_all_loss": 2.1793419557313123}
{"Losses/train_all_loss": 2.0420233396192393}
{"Losses/train_all_loss": 1.9848260059952736}
{"Losses/train_all_loss": 3.503448319931825}
{"Losses/train_all_loss": 2.4893718535701432}
{"Losses/train_all_loss": 1.3759756349027157}
{"Losses/train_all_loss": 2.2673114699621997}
{"Losses/train_all_loss": 1.2718037230273087}
{"Losses/train_all_loss": 3.0250788405537605}
{"Losses/train_all_loss": 2.934243932366371}
{"Losses/train_all_loss": 2.185204289853573}
{"Losses/train_all_loss": 7.424449190497398}
{"Losses/train_all_loss": 1.7501747732361157}
{"Losses/train_all_loss": 2.2778284437954426}
{"Losses/train_all_loss": 1.4106723790367444}
