{"Losses/train_all_loss": 4.681142342587312}
{"Losses/train_all_loss": 3.597289082904657}
{"Losses/train_all_loss": 5.833194037278493}
{"Losses/train_all_loss": 2.263469417889913}
{"Losses/train_all_loss": 4.340035277108352}
{"Losses/train_all_loss": 2.1178499137361846}
{"Losses/train_all_loss": 3.5685833344856897}
{"Losses/train_all_loss": 4.251392217973868}
{"Losses/train_all_loss": 3.723347126195828}
{"Losses/train_all_loss": 3.1675916959842048}
{"Losses/train_all_loss": 5.560034463802974}
{"Losses/train_all_loss": 3.757873753706614}
{"Losses/train_all_loss": 3.149750865995884}
{"Losses/train_all_loss": 1.9128455221652985}
{"Losses/train_all_loss": 2.9562356347839036}
{"Losses/train_all_loss": 3.466520167887211}
{"Losses/train_all_loss": 4.75752288599809}
{"Losses/train_all_loss": 3.4913716142376265}
{"Losses/train_all_loss": 2.730288952589035}
{"Losses/train_all_loss": 4.22575710217158}
{"Losses/train_all_loss": 4.0044635236263275}
{"Losses/train_all_loss": 4.262852472563584}
{"Losses/train_all_loss": 5.082627986868222}
{"Losses/train_all_loss": 2.8103395588696003}
{"Losses/train_all_loss": 3.274300200243791}
{"Losses/train_all_loss": 11.291359212249517}
{"Losses/train_all_loss": 2.591264749566714}
{"Losses/train_all_loss": 2.067575847109159}
{"Losses/train_all_loss": 3.3379361306627593}
{"Losses/train_all_loss": 4.3150003751118975}
{"Losses/train_all_loss": 5.063420218725999}
{"Losses/train_all_loss": 2.18187074114879}
{"Losses/train_all_loss": 3.505558770149946}
{"Losses/train_all_loss": 2.996025089174509}
{"Losses/train_all_loss": 3.0074214786291122}
{"Losses/train_all_loss": 12.189236362775167}
{"Losses/train_all_loss": 4.238672425349553}
{"Losses/train_all_loss": 2.4181989853580794}
{"Losses/train_all_loss": 3.4370905570685863}
{"Losses/train_all_loss": 2.6320193658272424}
{"Losses/train_all_loss": 3.324620975802342}
{"Losses/train_all_loss": 2.0966423079371452}
{"Losses/train_all_loss": 1.9935700272520382}
{"Losses/train_all_loss": 1.6737678945064545}
{"Losses/train_all_loss": 3.7004696366687617}
{"Losses/train_all_loss": 2.909344010055065}
{"Losses/train_all_loss": 2.8615326285362244}
{"Losses/train_all_loss": 3.0030577642222247}
{"Losses/train_all_loss": 5.12347349524498}
{"Losses/train_all_loss": 2.971193013091882}
{"Losses/train_all_loss": 8.24844659368197}
{"Losses/train_all_loss": 3.1758218705654144}
{"Losses/train_all_loss": 2.439189352095127}
{"Losses/train_all_loss": 3.0707394431034722}
{"Losses/train_all_loss": 2.117810988177856}
{"Losses/train_all_loss": 2.2890062630176544}
{"Losses/train_all_loss": 4.246528801818688}
{"Losses/train_all_loss": 2.632034177581469}
{"Losses/train_all_loss": 2.737481160710255}
{"Losses/train_all_loss": 2.9052625906964145}
{"Losses/train_all_loss": 2.495422974228859}
{"Losses/train_all_loss": 2.634939767420292}
{"Losses/train_all_loss": 2.611590102314949}
{"Losses/train_all_loss": 1.9084857354561489}
{"Losses/train_all_loss": 16.449408407633502}
{"Losses/train_all_loss": 2.2574320857723555}
{"Losses/train_all_loss": 1.7959703455368679}
{"Losses/train_all_loss": 3.550476369758447}
{"Losses/train_all_loss": 2.432980335007111}
{"Losses/train_all_loss": 3.1847479343414307}
{"Losses/train_all_loss": 3.5817470153172812}
{"Losses/train_all_loss": 2.287110796198249}
{"Losses/train_all_loss": 2.8894472420215607}
{"Losses/train_all_loss": 4.175160306195418}
{"Losses/train_all_loss": 2.3805192758639655}
