{"Losses/train_all_loss": 4.253172720020467}
{"Losses/train_all_loss": 4.294953977519816}
{"Losses/train_all_loss": 4.380432925441048}
{"Losses/train_all_loss": 2.57551863247698}
{"Losses/train_all_loss": 5.28301293741573}
{"Losses/train_all_loss": 4.533642384138974}
{"Losses/train_all_loss": 3.0586307373913852}
{"Losses/train_all_loss": 2.7447186491706153}
{"Losses/train_all_loss": 3.3506577638062565}
{"Losses/train_all_loss": 9.561948841268366}
{"Losses/train_all_loss": 3.365459704940969}
{"Losses/train_all_loss": 4.548569094051015}
{"Losses/train_all_loss": 4.1982394294305285}
{"Losses/train_all_loss": 3.644569778984243}
{"Losses/train_all_loss": 3.5122526613148777}
{"Losses/train_all_loss": 4.570112320509824}
{"Losses/train_all_loss": 2.8247195333242416}
{"Losses/train_all_loss": 6.826147781177}
{"Losses/train_all_loss": 3.349505603313446}
{"Losses/train_all_loss": 3.6082625172354956}
{"Losses/train_all_loss": 6.3937919993292205}
{"Losses/train_all_loss": 2.645477597009052}
{"Losses/train_all_loss": 4.049195714972236}
{"Losses/train_all_loss": 2.261877043680711}
{"Losses/train_all_loss": 3.0924958620559084}
{"Losses/train_all_loss": 8.327082021669908}
{"Losses/train_all_loss": 5.918490328572013}
{"Losses/train_all_loss": 3.249425495212728}
{"Losses/train_all_loss": 2.488692272793163}
{"Losses/train_all_loss": 2.0044656856493517}
{"Losses/train_all_loss": 2.937144011259079}
{"Losses/train_all_loss": 3.3178884305737237}
{"Losses/train_all_loss": 2.45334310287779}
{"Losses/train_all_loss": 2.375754779035395}
{"Losses/train_all_loss": 4.107245981693268}
{"Losses/train_all_loss": 1.494620136239312}
{"Losses/train_all_loss": 2.7995543615384535}
{"Losses/train_all_loss": 2.8404195200313223}
{"Losses/train_all_loss": 1.3655351915142753}
{"Losses/train_all_loss": 4.579439211975444}
{"Losses/train_all_loss": 4.432585942474279}
{"Losses/train_all_loss": 1.8360432576049457}
{"Losses/train_all_loss": 4.836505472660065}
{"Losses/train_all_loss": 2.667024701833725}
{"Losses/train_all_loss": 3.634762010791085}
{"Losses/train_all_loss": 1.4999675764278932}
{"Losses/train_all_loss": 2.761191958730871}
{"Losses/train_all_loss": 1.723239848559553}
{"Losses/train_all_loss": 6.083737056363713}
{"Losses/train_all_loss": 3.103222420947118}
{"Losses/train_all_loss": 2.4855534664609213}
{"Losses/train_all_loss": 2.706680194898085}
{"Losses/train_all_loss": 2.2886356711387634}
{"Losses/train_all_loss": 3.5400104834274813}
{"Losses/train_all_loss": 3.426743058995767}
{"Losses/train_all_loss": 2.052745160054077}
{"Losses/train_all_loss": 3.0422566045414317}
{"Losses/train_all_loss": 3.1037477769634942}
{"Losses/train_all_loss": 2.8953982429070906}
{"Losses/train_all_loss": 3.6732096672058105}
{"Losses/train_all_loss": 2.163504737344655}
{"Losses/train_all_loss": 4.154836611314253}
{"Losses/train_all_loss": 3.5767474445429714}
{"Losses/train_all_loss": 2.5022894753651186}
{"Losses/train_all_loss": 2.956011493097652}
{"Losses/train_all_loss": 2.2217204347252846}
{"Losses/train_all_loss": 3.5803336054086685}
{"Losses/train_all_loss": 2.7306457974693994}
{"Losses/train_all_loss": 1.9142199723388662}
{"Losses/train_all_loss": 3.407204652374441}
{"Losses/train_all_loss": 2.475283435799859}
{"Losses/train_all_loss": 2.421348425475034}
{"Losses/train_all_loss": 2.7602812749418346}
{"Losses/train_all_loss": 2.6980024549094113}
{"Losses/train_all_loss": 2.7733353823423386}
