{"Losses/train_all_loss": 11.718151899901303}
{"Losses/train_all_loss": 4.666491172530434}
{"Losses/train_all_loss": 4.346035846255043}
{"Losses/train_all_loss": 2.788645167242397}
{"Losses/train_all_loss": 4.979650711471384}
{"Losses/train_all_loss": 3.929774135351181}
{"Losses/train_all_loss": 5.3650117408145555}
{"Losses/train_all_loss": 1.9434841031377965}
{"Losses/train_all_loss": 3.0343469733541664}
{"Losses/train_all_loss": 4.333087631247261}
{"Losses/train_all_loss": 3.0688616687601264}
{"Losses/train_all_loss": 5.518404873934659}
{"Losses/train_all_loss": 3.282093954357234}
{"Losses/train_all_loss": 8.916801726276224}
{"Losses/train_all_loss": 3.1706469519571825}
{"Losses/train_all_loss": 4.797129654071548}
{"Losses/train_all_loss": 2.111686413938349}
{"Losses/train_all_loss": 4.913519748232582}
{"Losses/train_all_loss": 3.3554313399574975}
{"Losses/train_all_loss": 4.098288655281067}
{"Losses/train_all_loss": 2.691653297706084}
{"Losses/train_all_loss": 3.183308505199172}
{"Losses/train_all_loss": 4.90932404182174}
{"Losses/train_all_loss": 1.9359314902262255}
{"Losses/train_all_loss": 2.8276782604781063}
{"Losses/train_all_loss": 3.33551561832428}
{"Losses/train_all_loss": 4.123382806777954}
{"Losses/train_all_loss": 3.535151016983119}
{"Losses/train_all_loss": 2.2301878238266166}
{"Losses/train_all_loss": 1.5012295219031246}
{"Losses/train_all_loss": 2.3822804879058492}
{"Losses/train_all_loss": 3.6214106678962708}
{"Losses/train_all_loss": 7.2477009052580055}
{"Losses/train_all_loss": 3.327074847438119}
{"Losses/train_all_loss": 3.0324532850222155}
{"Losses/train_all_loss": 2.163466998121955}
{"Losses/train_all_loss": 3.9630549631335517}
{"Losses/train_all_loss": 2.4933372221209784}
{"Losses/train_all_loss": 1.3078605193983426}
{"Losses/train_all_loss": 5.4809171394868335}
{"Losses/train_all_loss": 14.655711179429835}
{"Losses/train_all_loss": 1.877672019329938}
{"Losses/train_all_loss": 3.8089118857275355}
{"Losses/train_all_loss": 1.8768824609843167}
{"Losses/train_all_loss": 3.624477585608309}
{"Losses/train_all_loss": 23.711123286323115}
{"Losses/train_all_loss": 2.80996936424212}
{"Losses/train_all_loss": 2.182426029985601}
{"Losses/train_all_loss": 3.207360814918171}
{"Losses/train_all_loss": 2.7105665667490526}
{"Losses/train_all_loss": 3.55382161248814}
{"Losses/train_all_loss": 4.026227569038218}
{"Losses/train_all_loss": 3.3507601483301683}
{"Losses/train_all_loss": 4.040791949087923}
{"Losses/train_all_loss": 3.22966809164394}
{"Losses/train_all_loss": 1.744333183223551}
{"Losses/train_all_loss": 2.21920184655623}
{"Losses/train_all_loss": 3.8341570672663776}
{"Losses/train_all_loss": 3.0442536527460273}
{"Losses/train_all_loss": 2.4658386422829195}
{"Losses/train_all_loss": 2.9713894819671456}
{"Losses/train_all_loss": 13.110467721115459}
{"Losses/train_all_loss": 3.0782181810248983}
{"Losses/train_all_loss": 2.0249928791414606}
{"Losses/train_all_loss": 2.2726751565933228}
{"Losses/train_all_loss": 2.6973211270841686}
{"Losses/train_all_loss": 3.063076851042834}
{"Losses/train_all_loss": 2.8458160649646413}
{"Losses/train_all_loss": 4.908532948656515}
{"Losses/train_all_loss": 1.8017720525914973}
{"Losses/train_all_loss": 2.5091007947921753}
{"Losses/train_all_loss": 3.474633124741641}
{"Losses/train_all_loss": 1.3364112715829501}
{"Losses/train_all_loss": 3.8137436983260242}
{"Losses/train_all_loss": 1.9720447307283229}
