{"Losses/train_all_loss": 4.251671847972003}
{"Losses/train_all_loss": 4.667799944227392}
{"Losses/train_all_loss": 4.613020384853536}
{"Losses/train_all_loss": 2.598653321916407}
{"Losses/train_all_loss": 4.944304203445261}
{"Losses/train_all_loss": 4.690062344074249}
{"Losses/train_all_loss": 3.350065133788369}
{"Losses/train_all_loss": 3.55212379721078}
{"Losses/train_all_loss": 3.566194824197076}
{"Losses/train_all_loss": 4.3815959312699055}
{"Losses/train_all_loss": 3.422388740561225}
{"Losses/train_all_loss": 4.90066624771465}
{"Losses/train_all_loss": 4.383313579992815}
{"Losses/train_all_loss": 4.428843056613749}
{"Losses/train_all_loss": 2.9980591643940318}
{"Losses/train_all_loss": 3.9947485544464807}
{"Losses/train_all_loss": 2.2799083170565693}
{"Losses/train_all_loss": 5.205550968647003}
{"Losses/train_all_loss": 3.1453547315164045}
{"Losses/train_all_loss": 3.840795923363079}
{"Losses/train_all_loss": 3.471277039159428}
{"Losses/train_all_loss": 3.0230517617680808}
{"Losses/train_all_loss": 4.019780559973284}
{"Losses/train_all_loss": 2.0630968009883706}
{"Losses/train_all_loss": 3.3495677892457354}
{"Losses/train_all_loss": 8.413383735851808}
{"Losses/train_all_loss": 5.575741681185636}
{"Losses/train_all_loss": 2.981499606912786}
{"Losses/train_all_loss": 2.324038275263526}
{"Losses/train_all_loss": 2.231426425955512}
{"Losses/train_all_loss": 3.209081758152355}
{"Losses/train_all_loss": 3.1439572518522088}
{"Losses/train_all_loss": 2.315202756361528}
{"Losses/train_all_loss": 2.969880469820716}
{"Losses/train_all_loss": 3.6923943920568987}
{"Losses/train_all_loss": 1.4903887076811357}
{"Losses/train_all_loss": 3.0033400898629967}
{"Losses/train_all_loss": 2.945275984027169}
{"Losses/train_all_loss": 1.401243282990022}
{"Losses/train_all_loss": 6.272207051515579}
{"Losses/train_all_loss": 4.0518794439055705}
{"Losses/train_all_loss": 1.9070597114888104}
{"Losses/train_all_loss": 4.29778391122818}
{"Losses/train_all_loss": 2.474900771271099}
{"Losses/train_all_loss": 3.4571586793119256}
{"Losses/train_all_loss": 1.4011899828910828}
{"Losses/train_all_loss": 3.2312616231766613}
{"Losses/train_all_loss": 1.997682125730948}
{"Losses/train_all_loss": 5.3739571083675735}
{"Losses/train_all_loss": 3.0515724420547485}
{"Losses/train_all_loss": 2.4856483922763304}
{"Losses/train_all_loss": 2.9927957626906307}
{"Losses/train_all_loss": 2.444348459894007}
{"Losses/train_all_loss": 3.3403756103732367}
{"Losses/train_all_loss": 2.5868370763280173}
{"Losses/train_all_loss": 2.2358505847779186}
{"Losses/train_all_loss": 3.0176536332477224}
{"Losses/train_all_loss": 2.6619364592162045}
{"Losses/train_all_loss": 2.941750843416561}
{"Losses/train_all_loss": 2.968980071219531}
{"Losses/train_all_loss": 1.9986400685527108}
{"Losses/train_all_loss": 5.245001860640266}
{"Losses/train_all_loss": 3.321910122578794}
{"Losses/train_all_loss": 2.3514771204103124}
{"Losses/train_all_loss": 3.1158094622872095}
{"Losses/train_all_loss": 2.222093218429522}
{"Losses/train_all_loss": 4.050452560186386}
{"Losses/train_all_loss": 2.7108603566884995}
{"Losses/train_all_loss": 1.3485350468280641}
{"Losses/train_all_loss": 1.6712584170428189}
{"Losses/train_all_loss": 2.671278725970875}
{"Losses/train_all_loss": 2.4852344651113856}
{"Losses/train_all_loss": 1.6713705536994068}
{"Losses/train_all_loss": 2.7343396219340237}
{"Losses/train_all_loss": 3.437428742647171}
