{"Losses/train_all_loss": 3.83934300866994}
{"Losses/train_all_loss": 5.4488386349244555}
{"Losses/train_all_loss": 4.479188019579107}
{"Losses/train_all_loss": 2.9712698324160143}
{"Losses/train_all_loss": 4.935831106521866}
{"Losses/train_all_loss": 3.9736271568320016}
{"Losses/train_all_loss": 4.086045067418706}
{"Losses/train_all_loss": 2.286703861572526}
{"Losses/train_all_loss": 2.509568680416454}
{"Losses/train_all_loss": 4.952219941399314}
{"Losses/train_all_loss": 3.0651175772601906}
{"Losses/train_all_loss": 4.01042657548731}
{"Losses/train_all_loss": 4.1726982349699195}
{"Losses/train_all_loss": 3.5532524585723877}
{"Losses/train_all_loss": 3.527438618920066}
{"Losses/train_all_loss": 4.6198395544832405}
{"Losses/train_all_loss": 2.0395441217855974}
{"Losses/train_all_loss": 15.595147222280502}
{"Losses/train_all_loss": 2.892824974927035}
{"Losses/train_all_loss": 2.330095964399251}
{"Losses/train_all_loss": 3.8564597314054314}
{"Losses/train_all_loss": 5.029878204519099}
{"Losses/train_all_loss": 4.084329453381625}
{"Losses/train_all_loss": 2.0057967833497305}
{"Losses/train_all_loss": 1.9361408271572806}
{"Losses/train_all_loss": 3.292114555835724}
{"Losses/train_all_loss": 3.993143157525496}
{"Losses/train_all_loss": 2.769775691357526}
{"Losses/train_all_loss": 2.09276626191356}
{"Losses/train_all_loss": 1.2794179780916735}
{"Losses/train_all_loss": 2.719286938959902}
{"Losses/train_all_loss": 3.3751508525826712}
{"Losses/train_all_loss": 2.2780705473639746}
{"Losses/train_all_loss": 2.2932891574772922}
{"Losses/train_all_loss": 2.7963084876537323}
{"Losses/train_all_loss": 2.1693930300799282}
{"Losses/train_all_loss": 3.6992290968244728}
{"Losses/train_all_loss": 3.2532261339100925}
{"Losses/train_all_loss": 1.653915447267619}
{"Losses/train_all_loss": 4.43538152765144}
{"Losses/train_all_loss": 4.308562253009189}
{"Losses/train_all_loss": 1.554084685715762}
{"Losses/train_all_loss": 4.1059521247040145}
{"Losses/train_all_loss": 2.1731479831717233}
{"Losses/train_all_loss": 2.5800431695851413}
{"Losses/train_all_loss": 1.8440279567783529}
{"Losses/train_all_loss": 2.5407993007789957}
{"Losses/train_all_loss": 2.1787812140854923}
{"Losses/train_all_loss": 5.395337671041489}
{"Losses/train_all_loss": 8.69358965754509}
{"Losses/train_all_loss": 8.471954295581037}
{"Losses/train_all_loss": 3.675328319722956}
{"Losses/train_all_loss": 13.245263129472733}
{"Losses/train_all_loss": 2.8646289977160366}
{"Losses/train_all_loss": 2.358512272888964}
{"Losses/train_all_loss": 3.1742367134852842}
{"Losses/train_all_loss": 2.5262289832938802}
{"Losses/train_all_loss": 3.5650788965550335}
{"Losses/train_all_loss": 2.525132647969506}
{"Losses/train_all_loss": 2.413012065670707}
{"Losses/train_all_loss": 2.370449361476031}
{"Losses/train_all_loss": 5.806453543630513}
{"Losses/train_all_loss": 2.1823517964644865}
{"Losses/train_all_loss": 2.2640285044908524}
{"Losses/train_all_loss": 2.3906865526329386}
{"Losses/train_all_loss": 2.527054068039764}
{"Losses/train_all_loss": 2.9997857307845894}
{"Losses/train_all_loss": 2.759286800568754}
{"Losses/train_all_loss": 1.7470197271216998}
{"Losses/train_all_loss": 2.4121537181464108}
{"Losses/train_all_loss": 2.567835967649113}
{"Losses/train_all_loss": 1.859279919754375}
{"Losses/train_all_loss": 1.6975217285481365}
{"Losses/train_all_loss": 3.016231668266383}
{"Losses/train_all_loss": 1.3045342882925814}
