{"Losses/train_all_loss": 3.1542357910763132}
{"Losses/train_all_loss": 3.5524565225297753}
{"Losses/train_all_loss": 4.0999421585689895}
{"Losses/train_all_loss": 3.0141814025965603}
{"Losses/train_all_loss": 4.91185574368997}
{"Losses/train_all_loss": 3.734418424693021}
{"Losses/train_all_loss": 3.054418846964836}
{"Losses/train_all_loss": 1.7459973286498676}
{"Losses/train_all_loss": 4.72161568294872}
{"Losses/train_all_loss": 3.895941111174497}
{"Losses/train_all_loss": 2.4836890480735083}
{"Losses/train_all_loss": 3.8807620108127594}
{"Losses/train_all_loss": 4.159410349347374}
{"Losses/train_all_loss": 3.9963415644385596}
{"Losses/train_all_loss": 3.4535881267352537}
{"Losses/train_all_loss": 3.319888943975622}
{"Losses/train_all_loss": 1.7751633077859879}
{"Losses/train_all_loss": 4.2646097920157695}
{"Losses/train_all_loss": 3.6236836368387397}
{"Losses/train_all_loss": 3.799298108978705}
{"Losses/train_all_loss": 3.125698607076298}
{"Losses/train_all_loss": 9.731539647687566}
{"Losses/train_all_loss": 4.453939391808077}
{"Losses/train_all_loss": 2.5057116638530386}
{"Losses/train_all_loss": 2.1337356580929323}
{"Losses/train_all_loss": 3.131105876781724}
{"Losses/train_all_loss": 4.156140281395479}
{"Losses/train_all_loss": 3.1941103000532496}
{"Losses/train_all_loss": 2.434530344876376}
{"Losses/train_all_loss": 1.3023794185031543}
{"Losses/train_all_loss": 3.137458713217215}
{"Losses/train_all_loss": 3.608477047898553}
{"Losses/train_all_loss": 1.5172757750207728}
{"Losses/train_all_loss": 2.208459347486496}
{"Losses/train_all_loss": 2.444801853461699}
{"Losses/train_all_loss": 2.022888472134417}
{"Losses/train_all_loss": 3.440866830674085}
{"Losses/train_all_loss": 3.009442413395101}
{"Losses/train_all_loss": 1.3036931549960917}
{"Losses/train_all_loss": 4.049243555827574}
{"Losses/train_all_loss": 3.633872828700326}
{"Losses/train_all_loss": 1.6006454622203654}
{"Losses/train_all_loss": 3.6101925589821557}
{"Losses/train_all_loss": 2.3200999972495167}
{"Losses/train_all_loss": 3.9874204884875906}
{"Losses/train_all_loss": 1.7273115895011208}
{"Losses/train_all_loss": 2.2123315672982824}
{"Losses/train_all_loss": 2.9185692830519243}
{"Losses/train_all_loss": 13.780980565331198}
{"Losses/train_all_loss": 2.86045282672752}
{"Losses/train_all_loss": 2.722910658202388}
{"Losses/train_all_loss": 3.4339003291997043}
{"Losses/train_all_loss": 3.362163931131363}
{"Losses/train_all_loss": 2.745523439212279}
{"Losses/train_all_loss": 2.3176403750072825}
{"Losses/train_all_loss": 1.5350962423465468}
{"Losses/train_all_loss": 3.0182492191141304}
{"Losses/train_all_loss": 2.929863073609092}
{"Losses/train_all_loss": 3.4333606335249813}
{"Losses/train_all_loss": 2.7008179886774584}
{"Losses/train_all_loss": 2.454457388682799}
{"Losses/train_all_loss": 2.1722947237166492}
{"Losses/train_all_loss": 2.9131221852519293}
{"Losses/train_all_loss": 1.7746816345236518}
{"Losses/train_all_loss": 1.6600026163187893}
{"Losses/train_all_loss": 2.344739090312611}
{"Losses/train_all_loss": 3.341301212256605}
{"Losses/train_all_loss": 2.4878016818653452}
{"Losses/train_all_loss": 1.2662284211678938}
{"Losses/train_all_loss": 2.5329827571457084}
{"Losses/train_all_loss": 2.168263153596358}
{"Losses/train_all_loss": 4.374753612008962}
{"Losses/train_all_loss": 1.9566841965371913}
{"Losses/train_all_loss": 3.0872983688657936}
{"Losses/train_all_loss": 1.910543073307384}
