{"Losses/train_all_loss": 5.4309807407359285}
{"Losses/train_all_loss": 2.9435382448136806}
{"Losses/train_all_loss": 5.527069886525472}
{"Losses/train_all_loss": 2.717370815575123}
{"Losses/train_all_loss": 4.162603375812371}
{"Losses/train_all_loss": 2.151597580562035}
{"Losses/train_all_loss": 3.3343346267938614}
{"Losses/train_all_loss": 5.875355274726947}
{"Losses/train_all_loss": 4.067277456323306}
{"Losses/train_all_loss": 3.2559457247455916}
{"Losses/train_all_loss": 2.1123264357447624}
{"Losses/train_all_loss": 3.2481789290905}
{"Losses/train_all_loss": 4.391881855825583}
{"Losses/train_all_loss": 4.520112564166387}
{"Losses/train_all_loss": 5.473442325989406}
{"Losses/train_all_loss": 3.3319929763674736}
{"Losses/train_all_loss": 2.9787811463077865}
{"Losses/train_all_loss": 3.9937352389097214}
{"Losses/train_all_loss": 2.3068994308511415}
{"Losses/train_all_loss": 1.0009063395361106}
{"Losses/train_all_loss": 5.122778703769048}
{"Losses/train_all_loss": 3.160064410418272}
{"Losses/train_all_loss": 4.215778997788827}
{"Losses/train_all_loss": 4.113965265452862}
{"Losses/train_all_loss": 3.582814415295919}
{"Losses/train_all_loss": 2.5979427782197795}
{"Losses/train_all_loss": 3.1784920717279115}
{"Losses/train_all_loss": 2.926038160920143}
{"Losses/train_all_loss": 2.3564248668650785}
{"Losses/train_all_loss": 4.299741864204407}
{"Losses/train_all_loss": 3.793707076460123}
{"Losses/train_all_loss": 3.9258464400966964}
{"Losses/train_all_loss": 4.773381354908149}
{"Losses/train_all_loss": 3.7919239265223346}
{"Losses/train_all_loss": 4.2776820212602615}
{"Losses/train_all_loss": 1.9244882178803284}
{"Losses/train_all_loss": 14.136039078235626}
{"Losses/train_all_loss": 3.8558220316966376}
{"Losses/train_all_loss": 2.763296422859033}
{"Losses/train_all_loss": 3.6730594895780087}
{"Losses/train_all_loss": 3.8016181414326033}
{"Losses/train_all_loss": 4.234804759422938}
{"Losses/train_all_loss": 2.763283065209786}
{"Losses/train_all_loss": 3.776468242208163}
{"Losses/train_all_loss": 2.3273839205503464}
{"Losses/train_all_loss": 2.4471991322934628}
{"Losses/train_all_loss": 3.166488396624724}
{"Losses/train_all_loss": 3.7170313770572343}
{"Losses/train_all_loss": 2.8408437805871167}
{"Losses/train_all_loss": 3.5665676866968474}
{"Losses/train_all_loss": 3.3602429976065955}
{"Losses/train_all_loss": 13.81250149011612}
{"Losses/train_all_loss": 2.3980060381193957}
{"Losses/train_all_loss": 1.8987358634670575}
{"Losses/train_all_loss": 2.471344998727242}
{"Losses/train_all_loss": 2.9122299440205097}
{"Losses/train_all_loss": 2.5699082973102727}
{"Losses/train_all_loss": 3.5727834018568196}
{"Losses/train_all_loss": 2.7326264095803103}
{"Losses/train_all_loss": 3.87653155811131}
{"Losses/train_all_loss": 2.3240630539755025}
{"Losses/train_all_loss": 2.96179070075353}
{"Losses/train_all_loss": 1.9802904650568962}
{"Losses/train_all_loss": 2.151250448077917}
{"Losses/train_all_loss": 6.890007185439269}
{"Losses/train_all_loss": 2.53454410781463}
{"Losses/train_all_loss": 2.328952538470427}
{"Losses/train_all_loss": 2.2271604239940643}
{"Losses/train_all_loss": 3.0552930062015853}
{"Losses/train_all_loss": 3.20287603760759}
{"Losses/train_all_loss": 3.094859061141809}
{"Losses/train_all_loss": 1.6315165037910144}
{"Losses/train_all_loss": 28.965326982239883}
{"Losses/train_all_loss": 3.1099563650786877}
{"Losses/train_all_loss": 3.0983985364437103}
{"Losses/train_all_loss": 3.9066657895843186}
{"Losses/train_all_loss": 2.648555677384138}
{"Losses/train_all_loss": 2.3324914624293647}
{"Losses/train_all_loss": 2.232977914313475}
{"Losses/train_all_loss": 2.006263962636391}
{"Losses/train_all_loss": 3.7283636492987475}
{"Losses/train_all_loss": 4.714571132014195}
{"Losses/train_all_loss": 2.6575764268636703}
{"Losses/train_all_loss": 3.446663036942482}
{"Losses/train_all_loss": 2.9007207391162715}
{"Losses/train_all_loss": 3.210671778768301}
{"Losses/train_all_loss": 4.022488474845886}
{"Losses/train_all_loss": 2.798141445964575}
{"Losses/train_all_loss": 3.5238378482560315}
{"Losses/train_all_loss": 3.277253322303295}
{"Losses/train_all_loss": 11.23107074946165}
{"Losses/train_all_loss": 1.8497567810118198}
{"Losses/train_all_loss": 2.918167265752951}
{"Losses/train_all_loss": 5.742019494374593}
{"Losses/train_all_loss": 2.651947468519211}
{"Losses/train_all_loss": 2.368326989312967}
{"Losses/train_all_loss": 3.18690271054705}
{"Losses/train_all_loss": 5.416684920589129}
{"Losses/train_all_loss": 2.5977305161456266}
{"Losses/train_all_loss": 2.368230211238066}
{"Losses/train_all_loss": 2.4114575932423272}
{"Losses/train_all_loss": 3.720250219106674}
{"Losses/train_all_loss": 3.7519373993078866}
{"Losses/train_all_loss": 4.108285367488861}
{"Losses/train_all_loss": 3.9819502755999565}
{"Losses/train_all_loss": 3.8733924043675265}
{"Losses/train_all_loss": 2.243305664509535}
{"Losses/train_all_loss": 3.133176268388828}
{"Losses/train_all_loss": 2.4585234398643174}
{"Losses/train_all_loss": 2.2038645446300507}
{"Losses/train_all_loss": 2.287644819666942}
{"Losses/train_all_loss": 3.9265843306978545}
{"Losses/train_all_loss": 3.110226295888424}
{"Losses/train_all_loss": 3.107085056602955}
{"Losses/train_all_loss": 2.667803395539522}
{"Losses/train_all_loss": 15.122970141470432}
{"Losses/train_all_loss": 2.886373216907183}
{"Losses/train_all_loss": 2.4763908237218857}
{"Losses/train_all_loss": 2.618519738316536}
{"Losses/train_all_loss": 2.9415941710273423}
{"Losses/train_all_loss": 2.756603012482325}
{"Losses/train_all_loss": 1.516972831139962}
{"Losses/train_all_loss": 2.5780641101300716}
{"Losses/train_all_loss": 1.4868649616837502}
{"Losses/train_all_loss": 2.457613026102384}
{"Losses/train_all_loss": 1.2214859252174695}
{"Losses/train_all_loss": 3.398676219085852}
{"Losses/train_all_loss": 7.708814072112243}
{"Losses/train_all_loss": 2.44629076619943}
{"Losses/train_all_loss": 2.165717529753844}
{"Losses/train_all_loss": 1.8705594713489215}
{"Losses/train_all_loss": 3.066949263215065}
{"Losses/train_all_loss": 3.3885789662599564}
{"Losses/train_all_loss": 1.6321202404797077}
{"Losses/train_all_loss": 2.9034462347626686}
{"Losses/train_all_loss": 2.115167524665594}
{"Losses/train_all_loss": 4.019998498260975}
{"Losses/train_all_loss": 2.290479052811861}
{"Losses/train_all_loss": 3.6014325072367988}
{"Losses/train_all_loss": 2.2877762566010156}
{"Losses/train_all_loss": 1.956655101229747}
{"Losses/train_all_loss": 4.21683165927728}
{"Losses/train_all_loss": 2.6274850455423198}
{"Losses/train_all_loss": 3.2842260090013347}
{"Losses/train_all_loss": 1.8539840591450532}
{"Losses/train_all_loss": 2.38278635032475}
{"Losses/train_all_loss": 1.609711380675435}
{"Losses/train_all_loss": 3.362255319952965}
{"Losses/train_all_loss": 2.537300885965427}
{"Losses/train_all_loss": 1.2957437286774318}
{"Losses/train_all_loss": 1.7941922843456268}
{"Losses/train_all_loss": 1.2690542774895828}
{"Losses/train_all_loss": 2.0810756012797356}
{"Losses/train_all_loss": 3.144032915433248}
{"Losses/train_all_loss": 2.0897244599958262}
{"Losses/train_all_loss": 2.6911277944842973}
{"Losses/train_all_loss": 2.361081709464391}
{"Losses/train_all_loss": 2.584683489675323}
{"Losses/train_all_loss": 1.8603702373802662}
{"Losses/train_all_loss": 1.5787778695424397}
{"Losses/train_all_loss": 3.0811473634094}
{"Losses/train_all_loss": 2.242793741325537}
{"Losses/train_all_loss": 1.975903257727623}
{"Losses/train_all_loss": 3.233476990212997}
{"Losses/train_all_loss": 3.580799501389265}
{"Losses/train_all_loss": 1.7347193993628025}
{"Losses/train_all_loss": 2.824073908229669}
{"Losses/train_all_loss": 1.9535328609248002}
{"Losses/train_all_loss": 2.6602132910241685}
{"Losses/train_all_loss": 2.9694961719214916}
{"Losses/train_all_loss": 2.5908922279874482}
{"Losses/train_all_loss": 3.5448377852638564}
