{"Losses/train_all_loss": 5.245383044083913}
{"Losses/train_all_loss": 2.238518555959066}
{"Losses/train_all_loss": 4.3238901396592455}
{"Losses/train_all_loss": 2.6418526073296866}
{"Losses/train_all_loss": 4.037198292712371}
{"Losses/train_all_loss": 1.0721015632152557}
{"Losses/train_all_loss": 4.835564710199833}
{"Losses/train_all_loss": 4.137313276529312}
{"Losses/train_all_loss": 3.3157882218559585}
{"Losses/train_all_loss": 3.3161219097673893}
{"Losses/train_all_loss": 6.155106042822202}
{"Losses/train_all_loss": 4.006812316675981}
{"Losses/train_all_loss": 3.7312209755182266}
{"Losses/train_all_loss": 2.1437600875894227}
{"Losses/train_all_loss": 3.5952694043517113}
{"Losses/train_all_loss": 12.908231191337109}
{"Losses/train_all_loss": 3.9027709340055785}
{"Losses/train_all_loss": 2.6978964072962603}
{"Losses/train_all_loss": 1.948040772229433}
{"Losses/train_all_loss": 3.754758988817533}
{"Losses/train_all_loss": 4.096757799386978}
{"Losses/train_all_loss": 3.3344973673423133}
{"Losses/train_all_loss": 4.306832984089851}
{"Losses/train_all_loss": 3.1059106464187303}
{"Losses/train_all_loss": 3.0100110483666263}
{"Losses/train_all_loss": 2.6265400076905885}
{"Losses/train_all_loss": 3.26676765208443}
{"Losses/train_all_loss": 1.7019743447502453}
{"Losses/train_all_loss": 3.3356129185607037}
{"Losses/train_all_loss": 3.234318323433399}
{"Losses/train_all_loss": 2.7385947356621423}
{"Losses/train_all_loss": 2.8282146900892258}
{"Losses/train_all_loss": 2.5872043054550886}
{"Losses/train_all_loss": 3.006669921800494}
{"Losses/train_all_loss": 3.7264925291140876}
{"Losses/train_all_loss": 2.6202741948266826}
{"Losses/train_all_loss": 4.539297739664714}
{"Losses/train_all_loss": 2.007985930889845}
{"Losses/train_all_loss": 3.6192641084392867}
{"Losses/train_all_loss": 3.209754421065251}
{"Losses/train_all_loss": 3.145336483915647}
{"Losses/train_all_loss": 2.804867868622144}
{"Losses/train_all_loss": 2.1726609530548253}
{"Losses/train_all_loss": 2.2881198724110923}
{"Losses/train_all_loss": 4.421825149406989}
{"Losses/train_all_loss": 2.659838903695345}
{"Losses/train_all_loss": 3.005707419166962}
{"Losses/train_all_loss": 3.227490638693174}
{"Losses/train_all_loss": 12.861915027101835}
{"Losses/train_all_loss": 2.3249402083456516}
{"Losses/train_all_loss": 2.34214003632466}
{"Losses/train_all_loss": 2.2112723365426064}
{"Losses/train_all_loss": 2.9161845271786055}
{"Losses/train_all_loss": 2.847209425022205}
{"Losses/train_all_loss": 2.5922311966617904}
{"Losses/train_all_loss": 2.453000571578741}
{"Losses/train_all_loss": 2.6914920719961324}
{"Losses/train_all_loss": 1.6449969249467056}
{"Losses/train_all_loss": 3.3688073183099427}
{"Losses/train_all_loss": 2.5470829692979655}
{"Losses/train_all_loss": 2.826808142165343}
{"Losses/train_all_loss": 2.4048968479037285}
{"Losses/train_all_loss": 2.4179711304605007}
{"Losses/train_all_loss": 11.170008639494577}
{"Losses/train_all_loss": 1.7755931814511616}
{"Losses/train_all_loss": 2.531927968064944}
{"Losses/train_all_loss": 3.0282500932614007}
{"Losses/train_all_loss": 7.897269031653802}
{"Losses/train_all_loss": 2.3818032406270504}
{"Losses/train_all_loss": 2.926693099240462}
{"Losses/train_all_loss": 2.9854864962399006}
{"Losses/train_all_loss": 2.1421552523970604}
{"Losses/train_all_loss": 2.8958237320184708}
{"Losses/train_all_loss": 3.286771019299825}
{"Losses/train_all_loss": 1.7522023047010105}
