{"Losses/train_all_loss": 56.35966817628253}
{"Losses/train_all_loss": 4.518997609615326}
{"Losses/train_all_loss": 4.5343498628247865}
{"Losses/train_all_loss": 2.6148273701017555}
{"Losses/train_all_loss": 5.545098476789215}
{"Losses/train_all_loss": 3.759453849358992}
{"Losses/train_all_loss": 4.835977600379423}
{"Losses/train_all_loss": 1.704208569093184}
{"Losses/train_all_loss": 3.218497159806165}
{"Losses/train_all_loss": 3.9619210050864653}
{"Losses/train_all_loss": 2.7456177947196094}
{"Losses/train_all_loss": 5.025653882460161}
{"Losses/train_all_loss": 3.2589926076206295}
{"Losses/train_all_loss": 10.054147746075284}
{"Losses/train_all_loss": 3.3230853297493677}
{"Losses/train_all_loss": 5.008807946335185}
{"Losses/train_all_loss": 2.0022884607315063}
{"Losses/train_all_loss": 4.913854292847893}
{"Losses/train_all_loss": 3.719945192337036}
{"Losses/train_all_loss": 3.4928484450687063}
{"Losses/train_all_loss": 2.9877524863589895}
{"Losses/train_all_loss": 3.9144024185158988}
{"Losses/train_all_loss": 4.682736960324374}
{"Losses/train_all_loss": 1.9380797269669445}
{"Losses/train_all_loss": 2.6759650138291446}
{"Losses/train_all_loss": 3.2739030759442938}
{"Losses/train_all_loss": 7.609256367791783}
{"Losses/train_all_loss": 3.08793159912933}
{"Losses/train_all_loss": 2.036750462922183}
{"Losses/train_all_loss": 1.3986037183891644}
{"Losses/train_all_loss": 3.1967477906833994}
{"Losses/train_all_loss": 3.8302827274257485}
{"Losses/train_all_loss": 6.989816969091242}
{"Losses/train_all_loss": 3.180489859797738}
{"Losses/train_all_loss": 3.4150620861486956}
{"Losses/train_all_loss": 2.0703907771544023}
{"Losses/train_all_loss": 4.004743811759082}
{"Losses/train_all_loss": 2.6967582242055372}
{"Losses/train_all_loss": 1.5151668990200216}
{"Losses/train_all_loss": 6.041806852275675}
{"Losses/train_all_loss": 14.274431816556238}
{"Losses/train_all_loss": 1.915888100862503}
{"Losses/train_all_loss": 4.304545280608264}
{"Losses/train_all_loss": 1.6463408741084011}
{"Losses/train_all_loss": 3.7307062392885033}
{"Losses/train_all_loss": 23.94100816818801}
{"Losses/train_all_loss": 2.4224772968075494}
{"Losses/train_all_loss": 2.3864016126502645}
{"Losses/train_all_loss": 3.1758358790115877}
{"Losses/train_all_loss": 2.699976360256022}
{"Losses/train_all_loss": 3.707860762422735}
{"Losses/train_all_loss": 3.9739530709656803}
{"Losses/train_all_loss": 3.2784254225817593}
{"Losses/train_all_loss": 3.68840429186821}
{"Losses/train_all_loss": 3.0155483077872884}
{"Losses/train_all_loss": 1.8232398981397802}
{"Losses/train_all_loss": 2.7301057522947136}
{"Losses/train_all_loss": 4.231817147948525}
{"Losses/train_all_loss": 3.3110523955388502}
{"Losses/train_all_loss": 2.4003277691927822}
{"Losses/train_all_loss": 2.51368198425255}
{"Losses/train_all_loss": 3.1310007152232258}
{"Losses/train_all_loss": 3.060303632508625}
{"Losses/train_all_loss": 2.014620683409951}
{"Losses/train_all_loss": 2.1410042115233163}
{"Losses/train_all_loss": 2.2877895310521126}
{"Losses/train_all_loss": 3.6717057661576704}
{"Losses/train_all_loss": 11.572540012272922}
{"Losses/train_all_loss": 7.21693422713063}
{"Losses/train_all_loss": 1.6868702918291092}
{"Losses/train_all_loss": 2.3225697062232276}
{"Losses/train_all_loss": 2.937258379025893}
{"Losses/train_all_loss": 1.682009439576756}
{"Losses/train_all_loss": 3.987146708098325}
{"Losses/train_all_loss": 1.7059844583272934}
