{"Losses/train_all_loss": 4.9698033928871155}
{"Losses/train_all_loss": 3.4103273885945478}
{"Losses/train_all_loss": 5.640252967675527}
{"Losses/train_all_loss": 3.114693926026424}
{"Losses/train_all_loss": 4.572830421229203}
{"Losses/train_all_loss": 1.0445621944963932}
{"Losses/train_all_loss": 3.4505187521378198}
{"Losses/train_all_loss": 3.8433542077740035}
{"Losses/train_all_loss": 2.6301796759168306}
{"Losses/train_all_loss": 2.2642214534183345}
{"Losses/train_all_loss": 5.732890583574772}
{"Losses/train_all_loss": 3.015119851877292}
{"Losses/train_all_loss": 4.541420040031274}
{"Losses/train_all_loss": 1.6001596103111904}
{"Losses/train_all_loss": 3.6539032720029354}
{"Losses/train_all_loss": 3.468003071844578}
{"Losses/train_all_loss": 2.7047960981726646}
{"Losses/train_all_loss": 7.6336869820952415}
{"Losses/train_all_loss": 4.8005502969026566}
{"Losses/train_all_loss": 4.488739214837551}
{"Losses/train_all_loss": 3.2984594677885375}
{"Losses/train_all_loss": 2.9978289691110453}
{"Losses/train_all_loss": 3.0780466807385287}
{"Losses/train_all_loss": 3.0932656017442546}
{"Losses/train_all_loss": 3.113727830350399}
{"Losses/train_all_loss": 3.136015726874272}
{"Losses/train_all_loss": 2.906492441892624}
{"Losses/train_all_loss": 4.198464730133613}
{"Losses/train_all_loss": 3.4211320082346597}
{"Losses/train_all_loss": 3.600133759280046}
{"Losses/train_all_loss": 2.6505698884526887}
{"Losses/train_all_loss": 3.148458242416382}
{"Losses/train_all_loss": 2.8542041008671126}
{"Losses/train_all_loss": 2.592447576423486}
{"Losses/train_all_loss": 2.6615319003661475}
{"Losses/train_all_loss": 10.163174040615559}
{"Losses/train_all_loss": 2.7672859157125154}
{"Losses/train_all_loss": 11.77155136068662}
{"Losses/train_all_loss": 2.1201448937257132}
{"Losses/train_all_loss": 1.8096485808491707}
{"Losses/train_all_loss": 3.940498967965444}
{"Losses/train_all_loss": 2.6603675757845244}
{"Losses/train_all_loss": 3.0751938795049987}
{"Losses/train_all_loss": 1.6328165742258232}
{"Losses/train_all_loss": 4.902639489620924}
{"Losses/train_all_loss": 2.5671871565282345}
{"Losses/train_all_loss": 3.3654660706718764}
{"Losses/train_all_loss": 2.5857676826417446}
{"Losses/train_all_loss": 3.838285076121489}
{"Losses/train_all_loss": 2.3781704530119896}
{"Losses/train_all_loss": 2.571787510688106}
{"Losses/train_all_loss": 2.509785863260428}
{"Losses/train_all_loss": 3.1163781384627023}
{"Losses/train_all_loss": 2.1529460723201432}
{"Losses/train_all_loss": 3.679776981472969}
{"Losses/train_all_loss": 5.000636366506417}
{"Losses/train_all_loss": 3.4320832242568335}
{"Losses/train_all_loss": 3.122675444930792}
{"Losses/train_all_loss": 2.3146426379680634}
{"Losses/train_all_loss": 2.0248496308922768}
{"Losses/train_all_loss": 2.0234496469298997}
{"Losses/train_all_loss": 3.6157687877615294}
{"Losses/train_all_loss": 2.050246005256971}
{"Losses/train_all_loss": 1.8743336436649163}
{"Losses/train_all_loss": 2.542869427551826}
{"Losses/train_all_loss": 2.255584552884102}
{"Losses/train_all_loss": 4.451632801443338}
{"Losses/train_all_loss": 7.929330118000507}
{"Losses/train_all_loss": 2.797527944048246}
{"Losses/train_all_loss": 2.689332101494074}
{"Losses/train_all_loss": 17.926142260432243}
{"Losses/train_all_loss": 2.1915631418426833}
{"Losses/train_all_loss": 1.9136904428402584}
{"Losses/train_all_loss": 2.590219933539629}
{"Losses/train_all_loss": 1.4326789714396}
{"Losses/train_all_loss": 4.642061688005924}
{"Losses/train_all_loss": 2.29689318065842}
{"Losses/train_all_loss": 2.7230096446971097}
{"Losses/train_all_loss": 3.391451803346475}
{"Losses/train_all_loss": 2.2040617565313974}
{"Losses/train_all_loss": 2.882082477211952}
{"Losses/train_all_loss": 3.3685792001585164}
{"Losses/train_all_loss": 1.586589053273201}
{"Losses/train_all_loss": 2.403636829306682}
{"Losses/train_all_loss": 1.9599145563940208}
{"Losses/train_all_loss": 2.9748063683509827}
{"Losses/train_all_loss": 2.016336228698492}
{"Losses/train_all_loss": 4.266814892490705}
{"Losses/train_all_loss": 2.5913827046751976}
{"Losses/train_all_loss": 1.965182825922966}
{"Losses/train_all_loss": 1.7233053172628086}
{"Losses/train_all_loss": 2.4458067752420902}
{"Losses/train_all_loss": 3.261103833715121}
{"Losses/train_all_loss": 1.944069513430198}
{"Losses/train_all_loss": 2.2163718082010746}
{"Losses/train_all_loss": 1.6179300174117088}
{"Losses/train_all_loss": 2.6371684335172176}
{"Losses/train_all_loss": 2.5742299432555833}
{"Losses/train_all_loss": 2.8373026500145593}
{"Losses/train_all_loss": 1.9686149607102077}
{"Losses/train_all_loss": 2.0029023022701344}
