{"Losses/train_all_loss": 2.889085364612666}
{"Losses/train_all_loss": 2.861144404519688}
{"Losses/train_all_loss": 3.463862793012099}
{"Losses/train_all_loss": 3.7938460653478447}
{"Losses/train_all_loss": 4.277182660319588}
{"Losses/train_all_loss": 4.514341755346819}
{"Losses/train_all_loss": 2.687859449874271}
{"Losses/train_all_loss": 3.4391640411181883}
{"Losses/train_all_loss": 4.697909932244908}
{"Losses/train_all_loss": 4.120961942455986}
{"Losses/train_all_loss": 3.929817820137197}
{"Losses/train_all_loss": 3.634180165149949}
{"Losses/train_all_loss": 3.2371392358433115}
{"Losses/train_all_loss": 2.801232774149288}
{"Losses/train_all_loss": 1.8610971922224218}
{"Losses/train_all_loss": 6.7901448973200536}
{"Losses/train_all_loss": 3.807274666699496}
{"Losses/train_all_loss": 4.276623506437648}
{"Losses/train_all_loss": 3.556345755403692}
{"Losses/train_all_loss": 3.550276669588956}
{"Losses/train_all_loss": 2.375339378010143}
{"Losses/train_all_loss": 2.46480730175972}
{"Losses/train_all_loss": 4.029353813691572}
{"Losses/train_all_loss": 4.0853090990673415}
{"Losses/train_all_loss": 3.8279549073089254}
{"Losses/train_all_loss": 3.7882662496783515}
{"Losses/train_all_loss": 4.025851414962248}
{"Losses/train_all_loss": 3.65550505166704}
{"Losses/train_all_loss": 3.287787536328489}
{"Losses/train_all_loss": 3.0108299790458246}
{"Losses/train_all_loss": 3.4684851481155916}
{"Losses/train_all_loss": 3.412990018725395}
{"Losses/train_all_loss": 1.8677795299074866}
{"Losses/train_all_loss": 1.729898065328598}
{"Losses/train_all_loss": 4.190425054593519}
{"Losses/train_all_loss": 3.8498252697966318}
{"Losses/train_all_loss": 4.1267652403224595}
{"Losses/train_all_loss": 3.8763583492149007}
{"Losses/train_all_loss": 3.3473719250072134}
{"Losses/train_all_loss": 2.5115180638703434}
{"Losses/train_all_loss": 8.939227243716067}
{"Losses/train_all_loss": 6.492697726596486}
{"Losses/train_all_loss": 2.2027369317683307}
{"Losses/train_all_loss": 2.1825812567364085}
{"Losses/train_all_loss": 2.851956447417086}
{"Losses/train_all_loss": 4.609093416820873}
{"Losses/train_all_loss": 3.2755733863873915}
{"Losses/train_all_loss": 2.466102505272085}
{"Losses/train_all_loss": 1.1660652458667755}
{"Losses/train_all_loss": 2.4365994225848806}
{"Losses/train_all_loss": 3.813069425523281}
{"Losses/train_all_loss": 1.44053145701235}
{"Losses/train_all_loss": 2.197916467081417}
{"Losses/train_all_loss": 2.3444576155055654}
{"Losses/train_all_loss": 1.9433752379634164}
{"Losses/train_all_loss": 3.454538178714839}
{"Losses/train_all_loss": 2.587025674906644}
{"Losses/train_all_loss": 1.2534845837137916}
{"Losses/train_all_loss": 4.562715487046675}
{"Losses/train_all_loss": 3.7067752168937163}
{"Losses/train_all_loss": 1.7403547079725699}
{"Losses/train_all_loss": 4.350050449371338}
{"Losses/train_all_loss": 2.315973960540511}
{"Losses/train_all_loss": 3.627786373550242}
{"Losses/train_all_loss": 1.49226875603199}
{"Losses/train_all_loss": 2.248045040802522}
{"Losses/train_all_loss": 2.974215797402642}
{"Losses/train_all_loss": 8.503293453292413}
{"Losses/train_all_loss": 2.670838697390123}
{"Losses/train_all_loss": 2.5637772543863817}
{"Losses/train_all_loss": 3.450212993405082}
{"Losses/train_all_loss": 3.568983243270354}
{"Losses/train_all_loss": 2.8906230249188165}
{"Losses/train_all_loss": 2.545636857097799}
{"Losses/train_all_loss": 1.6979528123682195}
{"Losses/train_all_loss": 3.256310322067954}
{"Losses/train_all_loss": 2.636475229805166}
{"Losses/train_all_loss": 3.7018490352413873}
{"Losses/train_all_loss": 2.7112675945867193}
{"Losses/train_all_loss": 2.6812146441503004}
{"Losses/train_all_loss": 2.1490971852432597}
{"Losses/train_all_loss": 3.1429257934743706}
{"Losses/train_all_loss": 1.7383071035146713}
{"Losses/train_all_loss": 1.6135470670732586}
{"Losses/train_all_loss": 2.6140509870919315}
{"Losses/train_all_loss": 3.4736798717217012}
{"Losses/train_all_loss": 2.8047132288867775}
{"Losses/train_all_loss": 1.2144091616977344}
{"Losses/train_all_loss": 2.9597199057990853}
{"Losses/train_all_loss": 2.0528470155867664}
{"Losses/train_all_loss": 4.177274969491092}
{"Losses/train_all_loss": 2.0862830755385486}
{"Losses/train_all_loss": 2.8823120458559557}
{"Losses/train_all_loss": 1.782593416219408}
