{"Trainer/where": 0.012121212121212121, "Trainer/epoch": 0, "Trainer/steps_train": 11}
{"Trainer/where": 0.025454545454545455, "Trainer/epoch": 1, "Trainer/steps_train": 22}
{"Trainer/where": 0.03878787878787879, "Trainer/epoch": 2, "Trainer/steps_train": 33}
{"Trainer/where": 0.052121212121212124, "Trainer/epoch": 3, "Trainer/steps_train": 44}
{"Trainer/where": 0.06545454545454546, "Trainer/epoch": 4, "Trainer/steps_train": 55}
{"Trainer/where": 0.0787878787878788, "Trainer/epoch": 5, "Trainer/steps_train": 66}
{"Trainer/where": 0.09212121212121212, "Trainer/epoch": 6, "Trainer/steps_train": 77}
{"Trainer/where": 0.10545454545454545, "Trainer/epoch": 7, "Trainer/steps_train": 88}
{"Trainer/where": 0.11878787878787878, "Trainer/epoch": 8, "Trainer/steps_train": 99}
{"Trainer/where": 0.1321212121212121, "Trainer/epoch": 9, "Trainer/steps_train": 110}
{"Trainer/where": 0.14545454545454545, "Trainer/epoch": 10, "Trainer/steps_train": 121}
{"Trainer/where": 0.15878787878787878, "Trainer/epoch": 11, "Trainer/steps_train": 132}
{"Trainer/where": 0.17212121212121212, "Trainer/epoch": 12, "Trainer/steps_train": 143}
{"Trainer/where": 0.18545454545454546, "Trainer/epoch": 13, "Trainer/steps_train": 154}
{"Trainer/where": 0.19878787878787876, "Trainer/epoch": 14, "Trainer/steps_train": 165}
{"Trainer/where": 0.2121212121212121, "Trainer/epoch": 15, "Trainer/steps_train": 176}
{"Trainer/where": 0.22545454545454546, "Trainer/epoch": 16, "Trainer/steps_train": 187}
{"Trainer/where": 0.2387878787878788, "Trainer/epoch": 17, "Trainer/steps_train": 198}
{"Trainer/where": 0.25212121212121213, "Trainer/epoch": 18, "Trainer/steps_train": 209}
{"Trainer/where": 0.26545454545454544, "Trainer/epoch": 19, "Trainer/steps_train": 220}
{"Trainer/where": 0.2787878787878788, "Trainer/epoch": 20, "Trainer/steps_train": 231}
{"Trainer/where": 0.2921212121212121, "Trainer/epoch": 21, "Trainer/steps_train": 242}
{"Trainer/where": 0.3054545454545455, "Trainer/epoch": 22, "Trainer/steps_train": 253}
{"Trainer/where": 0.3187878787878788, "Trainer/epoch": 23, "Trainer/steps_train": 264}
{"Trainer/where": 0.33212121212121215, "Trainer/epoch": 24, "Trainer/steps_train": 275}
{"Trainer/where": 0.34545454545454546, "Trainer/epoch": 25, "Trainer/steps_train": 286}
{"Trainer/where": 0.3587878787878788, "Trainer/epoch": 26, "Trainer/steps_train": 297}
{"Trainer/where": 0.37212121212121213, "Trainer/epoch": 27, "Trainer/steps_train": 308}
{"Trainer/where": 0.3854545454545455, "Trainer/epoch": 28, "Trainer/steps_train": 319}
{"Trainer/where": 0.3987878787878788, "Trainer/epoch": 29, "Trainer/steps_train": 330}
{"Trainer/where": 0.4121212121212121, "Trainer/epoch": 30, "Trainer/steps_train": 341}
{"Trainer/where": 0.4254545454545455, "Trainer/epoch": 31, "Trainer/steps_train": 352}
{"Trainer/where": 0.4387878787878787, "Trainer/epoch": 32, "Trainer/steps_train": 363}
{"Trainer/where": 0.4521212121212121, "Trainer/epoch": 33, "Trainer/steps_train": 374}
{"Trainer/where": 0.4654545454545454, "Trainer/epoch": 34, "Trainer/steps_train": 385}
{"Trainer/where": 0.47878787878787876, "Trainer/epoch": 35, "Trainer/steps_train": 396}
{"Trainer/where": 0.49212121212121207, "Trainer/epoch": 36, "Trainer/steps_train": 407}
{"Trainer/where": 0.5054545454545454, "Trainer/epoch": 37, "Trainer/steps_train": 418}
{"Trainer/where": 0.5187878787878788, "Trainer/epoch": 38, "Trainer/steps_train": 429}
{"Trainer/where": 0.5321212121212121, "Trainer/epoch": 39, "Trainer/steps_train": 440}
{"Trainer/where": 0.5454545454545454, "Trainer/epoch": 40, "Trainer/steps_train": 451}
{"Trainer/where": 0.5587878787878787, "Trainer/epoch": 41, "Trainer/steps_train": 462}
{"Trainer/where": 0.5721212121212121, "Trainer/epoch": 42, "Trainer/steps_train": 473}
{"Trainer/where": 0.5854545454545454, "Trainer/epoch": 43, "Trainer/steps_train": 484}
{"Trainer/where": 0.5987878787878788, "Trainer/epoch": 44, "Trainer/steps_train": 495}
{"Trainer/where": 0.6121212121212121, "Trainer/epoch": 45, "Trainer/steps_train": 506}
{"Trainer/where": 0.6254545454545454, "Trainer/epoch": 46, "Trainer/steps_train": 517}
{"Trainer/where": 0.6387878787878788, "Trainer/epoch": 47, "Trainer/steps_train": 528}
{"Trainer/where": 0.6521212121212121, "Trainer/epoch": 48, "Trainer/steps_train": 539}
{"Trainer/where": 0.6654545454545454, "Trainer/epoch": 49, "Trainer/steps_train": 550}
{"Trainer/where": 0.6787878787878787, "Trainer/epoch": 50, "Trainer/steps_train": 561}
{"Trainer/where": 0.6921212121212121, "Trainer/epoch": 51, "Trainer/steps_train": 572}
{"Trainer/where": 0.7054545454545454, "Trainer/epoch": 52, "Trainer/steps_train": 583}
{"Trainer/where": 0.7187878787878788, "Trainer/epoch": 53, "Trainer/steps_train": 594}
{"Trainer/where": 0.7321212121212121, "Trainer/epoch": 54, "Trainer/steps_train": 605}
{"Trainer/where": 0.7454545454545454, "Trainer/epoch": 55, "Trainer/steps_train": 616}
{"Trainer/where": 0.7587878787878788, "Trainer/epoch": 56, "Trainer/steps_train": 627}
{"Trainer/where": 0.7721212121212121, "Trainer/epoch": 57, "Trainer/steps_train": 638}
{"Trainer/where": 0.7854545454545454, "Trainer/epoch": 58, "Trainer/steps_train": 649}
{"Trainer/where": 0.7987878787878787, "Trainer/epoch": 59, "Trainer/steps_train": 660}
{"Trainer/where": 0.8121212121212121, "Trainer/epoch": 60, "Trainer/steps_train": 671}
{"Trainer/where": 0.8254545454545454, "Trainer/epoch": 61, "Trainer/steps_train": 682}
{"Trainer/where": 0.8387878787878787, "Trainer/epoch": 62, "Trainer/steps_train": 693}
{"Trainer/where": 0.8521212121212121, "Trainer/epoch": 63, "Trainer/steps_train": 704}
{"Trainer/where": 0.8654545454545454, "Trainer/epoch": 64, "Trainer/steps_train": 715}
{"Trainer/where": 0.8787878787878788, "Trainer/epoch": 65, "Trainer/steps_train": 726}
{"Trainer/where": 0.8921212121212121, "Trainer/epoch": 66, "Trainer/steps_train": 737}
{"Trainer/where": 0.9054545454545454, "Trainer/epoch": 67, "Trainer/steps_train": 748}
{"Trainer/where": 0.9187878787878787, "Trainer/epoch": 68, "Trainer/steps_train": 759}
{"Trainer/where": 0.9321212121212121, "Trainer/epoch": 69, "Trainer/steps_train": 770}
{"Trainer/where": 0.9454545454545454, "Trainer/epoch": 70, "Trainer/steps_train": 781}
{"Trainer/where": 0.9587878787878787, "Trainer/epoch": 71, "Trainer/steps_train": 792}
{"Trainer/where": 0.972121212121212, "Trainer/epoch": 72, "Trainer/steps_train": 803}
{"Trainer/where": 0.9854545454545455, "Trainer/epoch": 73, "Trainer/steps_train": 814}
{"Trainer/where": 0.9987878787878788, "Trainer/epoch": 74, "Trainer/steps_train": 825}
