{"Losses/train_all_loss": 4.309192787517201}
{"Losses/train_all_loss": 4.652214307676662}
{"Losses/train_all_loss": 4.737975591962988}
{"Losses/train_all_loss": 2.6279977668415415}
{"Losses/train_all_loss": 5.48686558008194}
{"Losses/train_all_loss": 4.646946776996959}
{"Losses/train_all_loss": 3.2008521177551965}
{"Losses/train_all_loss": 3.588140829042955}
{"Losses/train_all_loss": 2.918015805157748}
{"Losses/train_all_loss": 4.342809444124049}
{"Losses/train_all_loss": 3.1982566064054314}
{"Losses/train_all_loss": 4.718468254262751}
{"Losses/train_all_loss": 4.262431559237567}
{"Losses/train_all_loss": 3.973585995760831}
{"Losses/train_all_loss": 2.9893489480018616}
{"Losses/train_all_loss": 4.536090620539405}
{"Losses/train_all_loss": 3.043495229699395}
{"Losses/train_all_loss": 5.444026987661015}
{"Losses/train_all_loss": 3.5786314498294485}
{"Losses/train_all_loss": 3.6983273191885515}
{"Losses/train_all_loss": 9.879488896239888}
{"Losses/train_all_loss": 2.9434336735443636}
{"Losses/train_all_loss": 4.273155439983714}
{"Losses/train_all_loss": 2.145075115290555}
{"Losses/train_all_loss": 3.120565530251373}
{"Losses/train_all_loss": 9.365557806058364}
{"Losses/train_all_loss": 5.189671960743991}
{"Losses/train_all_loss": 3.007334140214053}
{"Losses/train_all_loss": 2.8459534726359625}
{"Losses/train_all_loss": 2.413680759343234}
{"Losses/train_all_loss": 2.979593347419392}
{"Losses/train_all_loss": 3.3206445168365133}
{"Losses/train_all_loss": 1.7364135208454998}
{"Losses/train_all_loss": 14.909786647016352}
{"Losses/train_all_loss": 3.1867383393374356}
{"Losses/train_all_loss": 2.2054865712469276}
{"Losses/train_all_loss": 2.8620449710975993}
{"Losses/train_all_loss": 2.8295530514283613}
{"Losses/train_all_loss": 1.072898885065859}
{"Losses/train_all_loss": 6.395533694462343}
{"Losses/train_all_loss": 3.9389196783304214}
{"Losses/train_all_loss": 1.7951140891421924}
{"Losses/train_all_loss": 4.948244696313685}
{"Losses/train_all_loss": 2.6207659217444332}
{"Losses/train_all_loss": 3.507282408800992}
{"Losses/train_all_loss": 1.441357822580771}
{"Losses/train_all_loss": 4.573105755177411}
{"Losses/train_all_loss": 1.8966076374053955}
{"Losses/train_all_loss": 6.0244901424104516}
{"Losses/train_all_loss": 2.7490007145838304}
{"Losses/train_all_loss": 2.7025770395994186}
{"Losses/train_all_loss": 3.0055078146132557}
{"Losses/train_all_loss": 2.52841055393219}
{"Losses/train_all_loss": 3.4513974379409444}
{"Losses/train_all_loss": 2.8689213503490794}
{"Losses/train_all_loss": 1.9046282666650685}
{"Losses/train_all_loss": 3.383593423800035}
{"Losses/train_all_loss": 2.8155231204899875}
{"Losses/train_all_loss": 3.007163855162534}
{"Losses/train_all_loss": 3.10319092056968}
{"Losses/train_all_loss": 1.9476603188297965}
{"Losses/train_all_loss": 4.818471382964741}
{"Losses/train_all_loss": 3.837983239780773}
{"Losses/train_all_loss": 2.300870755856687}
{"Losses/train_all_loss": 3.280203788117929}
{"Losses/train_all_loss": 2.1967137543992563}
{"Losses/train_all_loss": 3.6496568755670027}
{"Losses/train_all_loss": 2.795055466619405}
{"Losses/train_all_loss": 7.692498594099148}
{"Losses/train_all_loss": 1.5766325891017914}
{"Losses/train_all_loss": 2.5617151748050344}
{"Losses/train_all_loss": 2.362320512533188}
{"Losses/train_all_loss": 1.7588857703588225}
{"Losses/train_all_loss": 2.8005058115178887}
{"Losses/train_all_loss": 2.630011344497854}
