{"Losses/train_all_loss": 3.604641333222389}
{"Losses/train_all_loss": 5.464587729085576}
{"Losses/train_all_loss": 4.20613426647403}
{"Losses/train_all_loss": 3.0040036033500326}
{"Losses/train_all_loss": 3.964260746132244}
{"Losses/train_all_loss": 4.524598984555765}
{"Losses/train_all_loss": 3.714960967952555}
{"Losses/train_all_loss": 2.8830039921132}
{"Losses/train_all_loss": 2.678987815976143}
{"Losses/train_all_loss": 5.125703303651377}
{"Losses/train_all_loss": 4.6763244135813276}
{"Losses/train_all_loss": 3.795919120311737}
{"Losses/train_all_loss": 3.866625176234679}
{"Losses/train_all_loss": 3.9170542576096277}
{"Losses/train_all_loss": 2.433223388411782}
{"Losses/train_all_loss": 3.658987633206628}
{"Losses/train_all_loss": 2.5890092470429162}
{"Losses/train_all_loss": 4.507499551231211}
{"Losses/train_all_loss": 3.695562769066204}
{"Losses/train_all_loss": 3.0082645646550437}
{"Losses/train_all_loss": 3.375962134112011}
{"Losses/train_all_loss": 2.9793409542603926}
{"Losses/train_all_loss": 5.8736418377269395}
{"Losses/train_all_loss": 3.330967916683717}
{"Losses/train_all_loss": 2.1993427256291564}
{"Losses/train_all_loss": 2.2391870753331617}
{"Losses/train_all_loss": 4.586850028146397}
{"Losses/train_all_loss": 2.1934348100965675}
{"Losses/train_all_loss": 2.5066878335042433}
{"Losses/train_all_loss": 0.8595616262067448}
{"Losses/train_all_loss": 4.591173209927299}
{"Losses/train_all_loss": 3.5049115500666876}
{"Losses/train_all_loss": 1.456911408088424}
{"Losses/train_all_loss": 2.056137878786434}
{"Losses/train_all_loss": 2.9255476025017826}
{"Losses/train_all_loss": 1.984374088319865}
{"Losses/train_all_loss": 2.6690086539496076}
{"Losses/train_all_loss": 2.2609215581958946}
{"Losses/train_all_loss": 1.386412493207238}
{"Losses/train_all_loss": 24.34012832153927}
{"Losses/train_all_loss": 4.461565797979182}
{"Losses/train_all_loss": 1.3139591609889811}
{"Losses/train_all_loss": 3.824245297095992}
{"Losses/train_all_loss": 2.1138621514493767}
{"Losses/train_all_loss": 2.2529788315296173}
{"Losses/train_all_loss": 1.8799644789912484}
{"Losses/train_all_loss": 1.9714979041706433}
{"Losses/train_all_loss": 2.2777249826626345}
{"Losses/train_all_loss": 3.2350917783650486}
{"Losses/train_all_loss": 2.7005444331602617}
{"Losses/train_all_loss": 1.5385236672379754}
{"Losses/train_all_loss": 3.9433207511901855}
{"Losses/train_all_loss": 3.6293559460477396}
{"Losses/train_all_loss": 2.878631450913169}
{"Losses/train_all_loss": 2.4050505567680704}
{"Losses/train_all_loss": 1.7991721603003414}
{"Losses/train_all_loss": 2.3062400939789685}
{"Losses/train_all_loss": 3.3579875190149653}
{"Losses/train_all_loss": 3.4093331802975047}
{"Losses/train_all_loss": 2.0631704445589674}
{"Losses/train_all_loss": 2.1682504930279474}
{"Losses/train_all_loss": 2.1380454775961963}
{"Losses/train_all_loss": 3.3814074356447565}
{"Losses/train_all_loss": 2.450394177978689}
{"Losses/train_all_loss": 2.263548654588786}
{"Losses/train_all_loss": 2.7084268602457913}
{"Losses/train_all_loss": 2.3609640381552954}
{"Losses/train_all_loss": 2.3301606584678995}
{"Losses/train_all_loss": 1.080530201846903}
{"Losses/train_all_loss": 1.8314442133361644}
{"Losses/train_all_loss": 2.361292535608465}
{"Losses/train_all_loss": 3.2559388171542776}
{"Losses/train_all_loss": 2.149474776603959}
{"Losses/train_all_loss": 2.789689676328139}
{"Losses/train_all_loss": 2.164910026571967}
