{"Losses/train_all_loss": 2.8542692823843523}
{"Losses/train_all_loss": 3.552110016345978}
{"Losses/train_all_loss": 4.256830367175016}
{"Losses/train_all_loss": 3.105755005370487}
{"Losses/train_all_loss": 4.47564048929648}
{"Losses/train_all_loss": 3.5701266933571207}
{"Losses/train_all_loss": 3.6111338897184893}
{"Losses/train_all_loss": 6.690479890866713}
{"Losses/train_all_loss": 4.199725535782901}
{"Losses/train_all_loss": 3.7600769834084944}
{"Losses/train_all_loss": 2.3100334622643213}
{"Losses/train_all_loss": 4.075123773379759}
{"Losses/train_all_loss": 4.640163898468018}
{"Losses/train_all_loss": 3.716114027933641}
{"Losses/train_all_loss": 2.748159561644901}
{"Losses/train_all_loss": 3.431777126409791}
{"Losses/train_all_loss": 1.52848190611059}
{"Losses/train_all_loss": 4.079810260371729}
{"Losses/train_all_loss": 3.9566641720858486}
{"Losses/train_all_loss": 3.570718824863434}
{"Losses/train_all_loss": 2.511209586804563}
{"Losses/train_all_loss": 9.221260115504265}
{"Losses/train_all_loss": 4.749581746079705}
{"Losses/train_all_loss": 2.2621980499137533}
{"Losses/train_all_loss": 2.134406707503579}
{"Losses/train_all_loss": 3.2139316390861166}
{"Losses/train_all_loss": 4.389314104210246}
{"Losses/train_all_loss": 2.8696317720142277}
{"Losses/train_all_loss": 2.4991453262892636}
{"Losses/train_all_loss": 1.4815376130017368}
{"Losses/train_all_loss": 2.3719693517143075}
{"Losses/train_all_loss": 3.545382635159926}
{"Losses/train_all_loss": 1.426669185811823}
{"Losses/train_all_loss": 2.1010065268386495}
{"Losses/train_all_loss": 2.2880678556182166}
{"Losses/train_all_loss": 2.0172964199022814}
{"Losses/train_all_loss": 3.340766894546422}
{"Losses/train_all_loss": 2.533810805190693}
{"Losses/train_all_loss": 1.1924876286224886}
{"Losses/train_all_loss": 4.058023768392476}
{"Losses/train_all_loss": 3.5740394470366565}
{"Losses/train_all_loss": 1.6936518021605231}
{"Losses/train_all_loss": 3.727502267469059}
{"Losses/train_all_loss": 2.1979725889184256}
{"Losses/train_all_loss": 3.828940738331188}
{"Losses/train_all_loss": 1.438519838181409}
{"Losses/train_all_loss": 2.1960143094713036}
{"Losses/train_all_loss": 2.8337161866101352}
{"Losses/train_all_loss": 8.62002738497474}
{"Losses/train_all_loss": 2.6997026083144275}
{"Losses/train_all_loss": 2.2924290231683035}
{"Losses/train_all_loss": 3.2170050821521063}
{"Losses/train_all_loss": 3.5678935755382883}
{"Losses/train_all_loss": 2.7434883930466394}
{"Losses/train_all_loss": 2.5560884245417337}
{"Losses/train_all_loss": 1.5736775262789293}
{"Losses/train_all_loss": 2.7147209617224606}
{"Losses/train_all_loss": 2.4498135312037035}
{"Losses/train_all_loss": 3.4828107194467024}
{"Losses/train_all_loss": 2.8116299211978912}
{"Losses/train_all_loss": 2.5310000465674833}
{"Losses/train_all_loss": 1.9798276397314938}
{"Losses/train_all_loss": 3.047414091500369}
{"Losses/train_all_loss": 1.6711161813952706}
{"Losses/train_all_loss": 1.751013070344925}
{"Losses/train_all_loss": 2.5174683833664115}
{"Losses/train_all_loss": 3.005114711143754}
{"Losses/train_all_loss": 2.591650964184241}
{"Losses/train_all_loss": 1.2127473625269802}
{"Losses/train_all_loss": 3.105370430783792}
{"Losses/train_all_loss": 2.09748573736711}
{"Losses/train_all_loss": 4.008135615424677}
{"Losses/train_all_loss": 1.9579182321375066}
{"Losses/train_all_loss": 2.910054009069096}
{"Losses/train_all_loss": 1.8018941791220144}
