{"Losses/train_all_loss": 6.9815745279192924}
{"Losses/train_all_loss": 2.543005312482516}
{"Losses/train_all_loss": 4.086098685860634}
{"Losses/train_all_loss": 2.2958265443642936}
{"Losses/train_all_loss": 4.11703193684419}
{"Losses/train_all_loss": 1.1009831925233204}
{"Losses/train_all_loss": 4.339025643964608}
{"Losses/train_all_loss": 4.738001598666112}
{"Losses/train_all_loss": 3.3951538180311522}
{"Losses/train_all_loss": 3.162977327903112}
{"Losses/train_all_loss": 4.608842169245084}
{"Losses/train_all_loss": 4.279231903453668}
{"Losses/train_all_loss": 3.242478328446547}
{"Losses/train_all_loss": 2.1070488318800926}
{"Losses/train_all_loss": 3.055977796514829}
{"Losses/train_all_loss": 12.775275744497776}
{"Losses/train_all_loss": 3.6860009729862213}
{"Losses/train_all_loss": 3.2028047864635787}
{"Losses/train_all_loss": 2.3582646176218987}
{"Losses/train_all_loss": 3.4102585601309934}
{"Losses/train_all_loss": 4.0708170880873995}
{"Losses/train_all_loss": 3.303720645606518}
{"Losses/train_all_loss": 4.013763916989167}
{"Losses/train_all_loss": 3.407371588051319}
{"Losses/train_all_loss": 3.296970386058092}
{"Losses/train_all_loss": 2.744712822139263}
{"Losses/train_all_loss": 3.05395932123065}
{"Losses/train_all_loss": 1.7479447722434998}
{"Losses/train_all_loss": 3.312999720374743}
{"Losses/train_all_loss": 3.191535048186779}
{"Losses/train_all_loss": 3.7302048231164613}
{"Losses/train_all_loss": 3.466665164877971}
{"Losses/train_all_loss": 2.4068718223522105}
{"Losses/train_all_loss": 3.348717370380958}
{"Losses/train_all_loss": 3.9151797903080783}
{"Losses/train_all_loss": 2.950248170644045}
{"Losses/train_all_loss": 4.811133521298568}
{"Losses/train_all_loss": 2.409773332377275}
{"Losses/train_all_loss": 3.5338567458093166}
{"Losses/train_all_loss": 2.7586094650129476}
{"Losses/train_all_loss": 3.048139517505964}
{"Losses/train_all_loss": 2.196912753085295}
{"Losses/train_all_loss": 2.3603128207226596}
{"Losses/train_all_loss": 2.1513755718866983}
{"Losses/train_all_loss": 4.43524365996321}
{"Losses/train_all_loss": 2.418172406653563}
{"Losses/train_all_loss": 3.1820994640390077}
{"Losses/train_all_loss": 3.304297705491384}
{"Losses/train_all_loss": 7.714988932013512}
{"Losses/train_all_loss": 2.4079774655401707}
{"Losses/train_all_loss": 2.1686249350508056}
{"Losses/train_all_loss": 2.2041255310177803}
{"Losses/train_all_loss": 2.879531609515349}
{"Losses/train_all_loss": 2.8915147334337234}
{"Losses/train_all_loss": 2.556965513775746}
{"Losses/train_all_loss": 2.1112080110857883}
{"Losses/train_all_loss": 2.854206853856643}
{"Losses/train_all_loss": 1.6715349815785885}
{"Losses/train_all_loss": 2.9734615261356034}
{"Losses/train_all_loss": 2.423927908142408}
{"Losses/train_all_loss": 2.5501028671860695}
{"Losses/train_all_loss": 2.0979487051566443}
{"Losses/train_all_loss": 2.128880314528942}
{"Losses/train_all_loss": 10.967896398156881}
{"Losses/train_all_loss": 2.128270166615645}
{"Losses/train_all_loss": 2.4688522070646286}
{"Losses/train_all_loss": 2.801980392386516}
{"Losses/train_all_loss": 7.106447289387385}
{"Losses/train_all_loss": 2.2633530447880426}
{"Losses/train_all_loss": 3.1239623675743737}
{"Losses/train_all_loss": 2.9221868328750134}
{"Losses/train_all_loss": 1.9331547146042187}
{"Losses/train_all_loss": 2.6919108666479588}
{"Losses/train_all_loss": 3.1691124935944877}
{"Losses/train_all_loss": 1.7139026522636414}
