{"Trainer/where": 0.012222222222222221, "Trainer/epoch": 0, "Trainer/steps_train": 12}
{"Trainer/where": 0.025555555555555554, "Trainer/epoch": 1, "Trainer/steps_train": 24}
{"Trainer/where": 0.03888888888888889, "Trainer/epoch": 2, "Trainer/steps_train": 36}
{"Trainer/where": 0.05222222222222222, "Trainer/epoch": 3, "Trainer/steps_train": 48}
{"Trainer/where": 0.06555555555555556, "Trainer/epoch": 4, "Trainer/steps_train": 60}
{"Trainer/where": 0.0788888888888889, "Trainer/epoch": 5, "Trainer/steps_train": 72}
{"Trainer/where": 0.09222222222222222, "Trainer/epoch": 6, "Trainer/steps_train": 84}
{"Trainer/where": 0.10555555555555556, "Trainer/epoch": 7, "Trainer/steps_train": 96}
{"Trainer/where": 0.11888888888888888, "Trainer/epoch": 8, "Trainer/steps_train": 108}
{"Trainer/where": 0.1322222222222222, "Trainer/epoch": 9, "Trainer/steps_train": 120}
{"Trainer/where": 0.14555555555555555, "Trainer/epoch": 10, "Trainer/steps_train": 132}
{"Trainer/where": 0.15888888888888889, "Trainer/epoch": 11, "Trainer/steps_train": 144}
{"Trainer/where": 0.17222222222222222, "Trainer/epoch": 12, "Trainer/steps_train": 156}
{"Trainer/where": 0.18555555555555556, "Trainer/epoch": 13, "Trainer/steps_train": 168}
{"Trainer/where": 0.1988888888888889, "Trainer/epoch": 14, "Trainer/steps_train": 180}
{"Trainer/where": 0.2122222222222222, "Trainer/epoch": 15, "Trainer/steps_train": 192}
{"Trainer/where": 0.22555555555555556, "Trainer/epoch": 16, "Trainer/steps_train": 204}
{"Trainer/where": 0.2388888888888889, "Trainer/epoch": 17, "Trainer/steps_train": 216}
{"Trainer/where": 0.25222222222222224, "Trainer/epoch": 18, "Trainer/steps_train": 228}
{"Trainer/where": 0.26555555555555554, "Trainer/epoch": 19, "Trainer/steps_train": 240}
{"Trainer/where": 0.2788888888888889, "Trainer/epoch": 20, "Trainer/steps_train": 252}
{"Trainer/where": 0.2922222222222222, "Trainer/epoch": 21, "Trainer/steps_train": 264}
{"Trainer/where": 0.3055555555555556, "Trainer/epoch": 22, "Trainer/steps_train": 276}
{"Trainer/where": 0.3188888888888889, "Trainer/epoch": 23, "Trainer/steps_train": 288}
{"Trainer/where": 0.33222222222222225, "Trainer/epoch": 24, "Trainer/steps_train": 300}
{"Trainer/where": 0.34555555555555556, "Trainer/epoch": 25, "Trainer/steps_train": 312}
{"Trainer/where": 0.3588888888888889, "Trainer/epoch": 26, "Trainer/steps_train": 324}
{"Trainer/where": 0.37222222222222223, "Trainer/epoch": 27, "Trainer/steps_train": 336}
{"Trainer/where": 0.3855555555555556, "Trainer/epoch": 28, "Trainer/steps_train": 348}
{"Trainer/where": 0.3988888888888889, "Trainer/epoch": 29, "Trainer/steps_train": 360}
{"Trainer/where": 0.4122222222222222, "Trainer/epoch": 30, "Trainer/steps_train": 372}
{"Trainer/where": 0.4255555555555556, "Trainer/epoch": 31, "Trainer/steps_train": 384}
{"Trainer/where": 0.4388888888888889, "Trainer/epoch": 32, "Trainer/steps_train": 396}
{"Trainer/where": 0.4522222222222222, "Trainer/epoch": 33, "Trainer/steps_train": 408}
{"Trainer/where": 0.4655555555555555, "Trainer/epoch": 34, "Trainer/steps_train": 420}
{"Trainer/where": 0.47888888888888886, "Trainer/epoch": 35, "Trainer/steps_train": 432}
{"Trainer/where": 0.49222222222222217, "Trainer/epoch": 36, "Trainer/steps_train": 444}
{"Trainer/where": 0.5055555555555555, "Trainer/epoch": 37, "Trainer/steps_train": 456}
{"Trainer/where": 0.5188888888888888, "Trainer/epoch": 38, "Trainer/steps_train": 468}
{"Trainer/where": 0.5322222222222222, "Trainer/epoch": 39, "Trainer/steps_train": 480}
{"Trainer/where": 0.5455555555555556, "Trainer/epoch": 40, "Trainer/steps_train": 492}
{"Trainer/where": 0.5588888888888889, "Trainer/epoch": 41, "Trainer/steps_train": 504}
{"Trainer/where": 0.5722222222222222, "Trainer/epoch": 42, "Trainer/steps_train": 516}
{"Trainer/where": 0.5855555555555555, "Trainer/epoch": 43, "Trainer/steps_train": 528}
{"Trainer/where": 0.5988888888888888, "Trainer/epoch": 44, "Trainer/steps_train": 540}
{"Trainer/where": 0.6122222222222222, "Trainer/epoch": 45, "Trainer/steps_train": 552}
{"Trainer/where": 0.6255555555555555, "Trainer/epoch": 46, "Trainer/steps_train": 564}
{"Trainer/where": 0.6388888888888888, "Trainer/epoch": 47, "Trainer/steps_train": 576}
{"Trainer/where": 0.6522222222222221, "Trainer/epoch": 48, "Trainer/steps_train": 588}
{"Trainer/where": 0.6655555555555556, "Trainer/epoch": 49, "Trainer/steps_train": 600}
{"Trainer/where": 0.6788888888888889, "Trainer/epoch": 50, "Trainer/steps_train": 612}
{"Trainer/where": 0.6922222222222222, "Trainer/epoch": 51, "Trainer/steps_train": 624}
{"Trainer/where": 0.7055555555555555, "Trainer/epoch": 52, "Trainer/steps_train": 636}
{"Trainer/where": 0.7188888888888889, "Trainer/epoch": 53, "Trainer/steps_train": 648}
{"Trainer/where": 0.7322222222222222, "Trainer/epoch": 54, "Trainer/steps_train": 660}
{"Trainer/where": 0.7455555555555555, "Trainer/epoch": 55, "Trainer/steps_train": 672}
{"Trainer/where": 0.7588888888888888, "Trainer/epoch": 56, "Trainer/steps_train": 684}
{"Trainer/where": 0.7722222222222221, "Trainer/epoch": 57, "Trainer/steps_train": 696}
