{"Losses/train_all_loss": 5.026006047924359}
{"Losses/train_all_loss": 2.1137724419434867}
{"Losses/train_all_loss": 4.00314577917258}
{"Losses/train_all_loss": 2.633408799767494}
{"Losses/train_all_loss": 3.8175726557771363}
{"Losses/train_all_loss": 1.2161853859821956}
{"Losses/train_all_loss": 3.810536228120327}
{"Losses/train_all_loss": 3.2077967586616674}
{"Losses/train_all_loss": 3.2154300262530646}
{"Losses/train_all_loss": 3.07492275784413}
{"Losses/train_all_loss": 5.5328569908936815}
{"Losses/train_all_loss": 3.898005476842324}
{"Losses/train_all_loss": 3.445147673288981}
{"Losses/train_all_loss": 1.8246671346326668}
{"Losses/train_all_loss": 3.80720924337705}
{"Losses/train_all_loss": 12.507136436800161}
{"Losses/train_all_loss": 3.7535918975869813}
{"Losses/train_all_loss": 2.836346863458554}
{"Losses/train_all_loss": 1.8247697899738948}
{"Losses/train_all_loss": 3.2985731760660806}
{"Losses/train_all_loss": 3.8947502772013345}
{"Losses/train_all_loss": 4.724554474155108}
{"Losses/train_all_loss": 4.641305023183425}
{"Losses/train_all_loss": 3.1278786659240723}
{"Losses/train_all_loss": 3.1883335883418717}
{"Losses/train_all_loss": 2.1527247043947377}
{"Losses/train_all_loss": 2.925648988535007}
{"Losses/train_all_loss": 1.5786969487865765}
{"Losses/train_all_loss": 3.5092243788143}
{"Losses/train_all_loss": 3.4300387700398765}
{"Losses/train_all_loss": 4.0105844140052795}
{"Losses/train_all_loss": 2.6798099602262178}
{"Losses/train_all_loss": 2.6649605023364225}
{"Losses/train_all_loss": 3.011066649109125}
{"Losses/train_all_loss": 3.498619911571344}
{"Losses/train_all_loss": 2.6991989774008593}
{"Losses/train_all_loss": 4.999025106430054}
{"Losses/train_all_loss": 2.0885474520425}
{"Losses/train_all_loss": 3.4995455207924047}
{"Losses/train_all_loss": 2.534057558824619}
{"Losses/train_all_loss": 2.893985460201899}
{"Losses/train_all_loss": 2.6788983593384423}
{"Losses/train_all_loss": 2.9015884237984815}
{"Losses/train_all_loss": 2.328318058202664}
{"Losses/train_all_loss": 3.998072969416777}
{"Losses/train_all_loss": 2.4497098537782827}
{"Losses/train_all_loss": 3.2633448764681816}
{"Losses/train_all_loss": 3.1695669504503408}
{"Losses/train_all_loss": 8.578966399033865}
{"Losses/train_all_loss": 1.9827258475124836}
{"Losses/train_all_loss": 2.5576354190707207}
{"Losses/train_all_loss": 2.058034556607405}
{"Losses/train_all_loss": 3.0324087192614875}
{"Losses/train_all_loss": 2.968868989497423}
{"Losses/train_all_loss": 2.610166721045971}
{"Losses/train_all_loss": 2.2110735028982162}
{"Losses/train_all_loss": 2.7406370292107263}
{"Losses/train_all_loss": 1.6181719452142715}
