{"Losses/train_all_loss": 3.1568285644054415}
{"Losses/train_all_loss": 4.5294637799263}
{"Losses/train_all_loss": 2.7224540650844573}
{"Losses/train_all_loss": 3.4640719056129456}
{"Losses/train_all_loss": 4.623283451795578}
{"Losses/train_all_loss": 7.091336935758591}
{"Losses/train_all_loss": 1.7883430600166321}
{"Losses/train_all_loss": 5.501496976613998}
{"Losses/train_all_loss": 0.5826352536678314}
{"Losses/train_all_loss": 4.930415993928909}
{"Losses/train_all_loss": 4.274835559725761}
{"Losses/train_all_loss": 5.352557969093323}
{"Losses/train_all_loss": 0.5175308048725128}
{"Losses/train_all_loss": 1.8027423024177551}
{"Losses/train_all_loss": 4.069731855392456}
{"Losses/train_all_loss": 1.722696703672409}
{"Losses/train_all_loss": 7.485967957973481}
{"Losses/train_all_loss": 3.270470228791237}
{"Losses/train_all_loss": 5.775354814529419}
{"Losses/train_all_loss": 16.467232131958006}
{"Losses/train_all_loss": 5.656422698497773}
{"Losses/train_all_loss": 5.881860542297363}
{"Losses/train_all_loss": 3.994763803482056}
{"Losses/train_all_loss": 1.1816668450832366}
{"Losses/train_all_loss": 3.989539861679077}
{"Losses/train_all_loss": 3.901885688304901}
{"Losses/train_all_loss": 2.921842187643051}
{"Losses/train_all_loss": 6.270631670951843}
{"Losses/train_all_loss": 2.7319653570652007}
{"Losses/train_all_loss": 2.8610870361328127}
{"Losses/train_all_loss": 3.537079966068268}
{"Losses/train_all_loss": 4.689016911387443}
{"Losses/train_all_loss": 1.0207008719444275}
{"Losses/train_all_loss": 2.6286553919315336}
{"Losses/train_all_loss": 5.030058217048645}
{"Losses/train_all_loss": 0.6166969835758209}
{"Losses/train_all_loss": 2.444056808948517}
{"Losses/train_all_loss": 2.884426918625832}
{"Losses/train_all_loss": 4.48922136425972}
{"Losses/train_all_loss": 3.5816209435462953}
{"Losses/train_all_loss": 3.026049327850342}
{"Losses/train_all_loss": 2.18239603638649}
{"Losses/train_all_loss": 2.6113496720790863}
{"Losses/train_all_loss": 3.2958345770835877}
{"Losses/train_all_loss": 2.3993201732635496}
{"Losses/train_all_loss": 4.902175664901733}
{"Losses/train_all_loss": 2.546533226966858}
{"Losses/train_all_loss": 2.2651607543230057}
{"Losses/train_all_loss": 3.77810418009758}
{"Losses/train_all_loss": 4.108522248268128}
{"Losses/train_all_loss": 3.2840885400772093}
{"Losses/train_all_loss": 1.363103088736534}
{"Losses/train_all_loss": 0.5903154581785202}
{"Losses/train_all_loss": 1.7934432208538056}
{"Losses/train_all_loss": 2.601118487119675}
{"Losses/train_all_loss": 16.884795087575913}
{"Losses/train_all_loss": 1.8742293640971184}
{"Losses/train_all_loss": 4.548897361755371}
{"Losses/train_all_loss": 2.507666563987732}
{"Losses/train_all_loss": 2.1071087032556535}
{"Losses/train_all_loss": 2.510883978009224}
{"Losses/train_all_loss": 1.6961582005023956}
{"Losses/train_all_loss": 2.6895183801651}
{"Losses/train_all_loss": 1.8445693612098695}
{"Losses/train_all_loss": 2.193968743085861}
{"Losses/train_all_loss": 1.1679052531719207}
{"Losses/train_all_loss": 1.2506692171096803}
{"Losses/train_all_loss": 2.658869296312332}
{"Losses/train_all_loss": 3.2457573115825653}
{"Losses/train_all_loss": 1.6561165809631349}
{"Losses/train_all_loss": 3.0568371951580047}
{"Losses/train_all_loss": 0.9456388115882873}
{"Losses/train_all_loss": 1.7710622787475585}
{"Losses/train_all_loss": 1.8490201652050018}
{"Losses/train_all_loss": 4.383913922309875}
