{"Losses/train_all_loss": 4.627563463015989}
{"Losses/train_all_loss": 5.232058622620323}
{"Losses/train_all_loss": 4.137572906234047}
{"Losses/train_all_loss": 3.1234050799499857}
{"Losses/train_all_loss": 3.982469592582096}
{"Losses/train_all_loss": 3.7706406766718086}
{"Losses/train_all_loss": 3.892108841375871}
{"Losses/train_all_loss": 2.9039015580307352}
{"Losses/train_all_loss": 2.1446666649796744}
{"Losses/train_all_loss": 3.9402888281778856}
{"Losses/train_all_loss": 4.626538723707199}
{"Losses/train_all_loss": 3.685103113001043}
{"Losses/train_all_loss": 3.131949321790175}
{"Losses/train_all_loss": 4.104256037961353}
{"Losses/train_all_loss": 3.2214087491685692}
{"Losses/train_all_loss": 3.7097721750086006}
{"Losses/train_all_loss": 1.3807057548652997}
{"Losses/train_all_loss": 4.261176247488368}
{"Losses/train_all_loss": 3.8400312743403693}
{"Losses/train_all_loss": 2.9253509654240175}
{"Losses/train_all_loss": 2.722367590123957}
{"Losses/train_all_loss": 3.3708584809845146}
{"Losses/train_all_loss": 5.455052895979448}
{"Losses/train_all_loss": 1.9816174994815479}
{"Losses/train_all_loss": 3.8487210165370596}
{"Losses/train_all_loss": 2.9073743766004387}
{"Losses/train_all_loss": 22.559005677700043}
{"Losses/train_all_loss": 3.363812443884936}
{"Losses/train_all_loss": 2.7040905600244347}
{"Losses/train_all_loss": 1.6582722853530536}
{"Losses/train_all_loss": 2.307122975587845}
{"Losses/train_all_loss": 3.709661835973913}
{"Losses/train_all_loss": 2.58761805025014}
{"Losses/train_all_loss": 2.6929423863237556}
{"Losses/train_all_loss": 2.4803409332578834}
{"Losses/train_all_loss": 2.7044308944181963}
{"Losses/train_all_loss": 3.741724306886846}
{"Losses/train_all_loss": 2.6596641784364525}
{"Losses/train_all_loss": 1.1834264614365317}
{"Losses/train_all_loss": 3.6923177269372074}
{"Losses/train_all_loss": 3.962173055518757}
{"Losses/train_all_loss": 1.9907902533357793}
{"Losses/train_all_loss": 3.3407642760060052}
{"Losses/train_all_loss": 2.5589464090087195}
{"Losses/train_all_loss": 2.7155258411710914}
{"Losses/train_all_loss": 2.499365572224964}
{"Losses/train_all_loss": 2.2728754065253516}
{"Losses/train_all_loss": 2.2393245832486586}
{"Losses/train_all_loss": 2.779925508932634}
{"Losses/train_all_loss": 3.2034566673365505}
{"Losses/train_all_loss": 1.855100163004615}
{"Losses/train_all_loss": 3.274608839641918}
{"Losses/train_all_loss": 13.40314551375129}
{"Losses/train_all_loss": 3.670440140095624}
{"Losses/train_all_loss": 2.7545570229942147}
{"Losses/train_all_loss": 2.1031979484991594}
{"Losses/train_all_loss": 2.0976796529509802}
{"Losses/train_all_loss": 2.882788131182844}
{"Losses/train_all_loss": 3.525083463300358}
{"Losses/train_all_loss": 2.3135003203695472}
{"Losses/train_all_loss": 1.7433435131203046}
{"Losses/train_all_loss": 2.294387004592202}
{"Losses/train_all_loss": 2.961559376933358}
{"Losses/train_all_loss": 3.467889952388677}
{"Losses/train_all_loss": 2.083812960169532}
{"Losses/train_all_loss": 3.0651439143852754}
{"Losses/train_all_loss": 2.732870389114727}
{"Losses/train_all_loss": 2.0794811059128153}
{"Losses/train_all_loss": 2.364618705077605}
{"Losses/train_all_loss": 1.7893471277572892}
{"Losses/train_all_loss": 2.2655879106711256}
{"Losses/train_all_loss": 2.0648637278513475}
{"Losses/train_all_loss": 2.4780576798048886}
{"Losses/train_all_loss": 3.4192393218929116}
{"Losses/train_all_loss": 11.303961264138872}
