{"Losses/train_all_loss": 6.575695775449276}
{"Losses/train_all_loss": 2.334034912288189}
{"Losses/train_all_loss": 4.237986480196317}
{"Losses/train_all_loss": 2.405435912311077}
{"Losses/train_all_loss": 4.409141811231772}
{"Losses/train_all_loss": 0.9690457905332247}
{"Losses/train_all_loss": 4.6316432903210325}
{"Losses/train_all_loss": 3.6316895385583243}
{"Losses/train_all_loss": 3.346584126353264}
{"Losses/train_all_loss": 2.7232219452659288}
{"Losses/train_all_loss": 5.237680569291115}
{"Losses/train_all_loss": 4.171236087878545}
{"Losses/train_all_loss": 3.9335061560074487}
{"Losses/train_all_loss": 1.985397179921468}
{"Losses/train_all_loss": 3.470755450427532}
{"Losses/train_all_loss": 3.599927226702372}
{"Losses/train_all_loss": 3.7748258486390114}
{"Losses/train_all_loss": 2.6941114018360772}
{"Losses/train_all_loss": 2.1955407907565436}
{"Losses/train_all_loss": 3.2575820113221803}
{"Losses/train_all_loss": 3.7029314984877906}
{"Losses/train_all_loss": 3.5329602112372718}
{"Losses/train_all_loss": 4.085002330442269}
{"Losses/train_all_loss": 2.553829897195101}
{"Losses/train_all_loss": 2.7702490277588367}
{"Losses/train_all_loss": 2.8960217175384364}
{"Losses/train_all_loss": 3.4662221955756345}
{"Losses/train_all_loss": 1.8908868581056595}
{"Losses/train_all_loss": 3.3354022124161324}
{"Losses/train_all_loss": 3.29925466577212}
{"Losses/train_all_loss": 2.9715282072623572}
{"Losses/train_all_loss": 3.30485791961352}
{"Losses/train_all_loss": 2.3421436517188945}
{"Losses/train_all_loss": 3.182048048824072}
{"Losses/train_all_loss": 3.2685301390786967}
{"Losses/train_all_loss": 2.4753095507621765}
{"Losses/train_all_loss": 5.458316308756669}
{"Losses/train_all_loss": 2.3138938397169113}
{"Losses/train_all_loss": 3.602084204554558}
{"Losses/train_all_loss": 2.7733607006569705}
{"Losses/train_all_loss": 3.316653904815515}
{"Losses/train_all_loss": 2.493146799504757}
{"Losses/train_all_loss": 2.088545157263676}
{"Losses/train_all_loss": 2.698726295183102}
{"Losses/train_all_loss": 4.162705829987924}
{"Losses/train_all_loss": 2.562382253507773}
{"Losses/train_all_loss": 3.123197508354982}
{"Losses/train_all_loss": 3.1095181281367936}
{"Losses/train_all_loss": 8.30228653550148}
{"Losses/train_all_loss": 2.40447582056125}
{"Losses/train_all_loss": 2.3006564068297544}
{"Losses/train_all_loss": 2.2191038976113}
{"Losses/train_all_loss": 2.408531085898479}
{"Losses/train_all_loss": 2.6912569825847945}
{"Losses/train_all_loss": 2.5105611259738603}
{"Losses/train_all_loss": 2.147454391544064}
{"Losses/train_all_loss": 3.113511928667625}
{"Losses/train_all_loss": 1.7856101747602224}
{"Losses/train_all_loss": 3.4135494579871497}
{"Losses/train_all_loss": 2.532385320713123}
{"Losses/train_all_loss": 2.5991035886108875}
{"Losses/train_all_loss": 2.262839488685131}
{"Losses/train_all_loss": 2.2428593722482524}
{"Losses/train_all_loss": 11.045553709069887}
{"Losses/train_all_loss": 1.73189656312267}
{"Losses/train_all_loss": 2.5077168717980385}
{"Losses/train_all_loss": 3.042169059316317}
{"Losses/train_all_loss": 7.506866458803415}
{"Losses/train_all_loss": 2.9824343969424567}
{"Losses/train_all_loss": 2.736659494539102}
{"Losses/train_all_loss": 2.733949144681295}
{"Losses/train_all_loss": 1.813180028150479}
{"Losses/train_all_loss": 2.5708322152495384}
{"Losses/train_all_loss": 3.379385780543089}
{"Losses/train_all_loss": 2.0367972813546658}
