{"Losses/train_all_loss": 3.800649572502483}
{"Losses/train_all_loss": 4.636781467632814}
{"Losses/train_all_loss": 3.790844752029939}
{"Losses/train_all_loss": 2.6016175150871277}
{"Losses/train_all_loss": 3.7196288217197764}
{"Losses/train_all_loss": 3.714728675105355}
{"Losses/train_all_loss": 2.864222862503745}
{"Losses/train_all_loss": 2.7954040305180983}
{"Losses/train_all_loss": 2.419748757373203}
{"Losses/train_all_loss": 5.516039469025352}
{"Losses/train_all_loss": 4.408431256359274}
{"Losses/train_all_loss": 3.8408841382373464}
{"Losses/train_all_loss": 3.9534605836326424}
{"Losses/train_all_loss": 3.4271038201722233}
{"Losses/train_all_loss": 2.583167612552643}
{"Losses/train_all_loss": 3.258708745241165}
{"Losses/train_all_loss": 2.12001211670312}
{"Losses/train_all_loss": 4.114759667353197}
{"Losses/train_all_loss": 3.9283070916479286}
{"Losses/train_all_loss": 2.6208677765997974}
{"Losses/train_all_loss": 3.0726014511151747}
{"Losses/train_all_loss": 11.638572836464101}
{"Losses/train_all_loss": 5.957662880420685}
{"Losses/train_all_loss": 3.923954289067875}
{"Losses/train_all_loss": 2.02054878662933}
{"Losses/train_all_loss": 2.5153918726877733}
{"Losses/train_all_loss": 4.219449872320348}
{"Losses/train_all_loss": 2.318737422878092}
{"Losses/train_all_loss": 2.5886269265955146}
{"Losses/train_all_loss": 0.8692202242937955}
{"Losses/train_all_loss": 4.552732681686228}
{"Losses/train_all_loss": 3.9091972654516045}
{"Losses/train_all_loss": 1.4916063357483258}
{"Losses/train_all_loss": 1.8718209293755619}
{"Losses/train_all_loss": 2.558448899875988}
{"Losses/train_all_loss": 1.8139299939979205}
{"Losses/train_all_loss": 3.2056092755361036}
{"Losses/train_all_loss": 2.050608984448693}
{"Losses/train_all_loss": 1.156387520107356}
{"Losses/train_all_loss": 24.25751116736369}
{"Losses/train_all_loss": 4.732293649153276}
{"Losses/train_all_loss": 1.3100836141542955}
{"Losses/train_all_loss": 3.6051606698469683}
{"Losses/train_all_loss": 2.3230842257087883}
{"Losses/train_all_loss": 2.272238604047082}
{"Losses/train_all_loss": 1.8717012310569936}
{"Losses/train_all_loss": 1.8211437572132458}
{"Losses/train_all_loss": 2.418568803505464}
{"Losses/train_all_loss": 2.7858049043200235}
{"Losses/train_all_loss": 2.5098984078927473}
{"Losses/train_all_loss": 1.6503717479380695}
{"Losses/train_all_loss": 3.4891844229264692}
{"Losses/train_all_loss": 3.6158326214010064}
{"Losses/train_all_loss": 2.546279614621943}
{"Losses/train_all_loss": 2.297499108043584}
{"Losses/train_all_loss": 1.8110002665357157}
{"Losses/train_all_loss": 2.180819594047286}
{"Losses/train_all_loss": 2.5451048477129503}
{"Losses/train_all_loss": 3.343965371901339}
{"Losses/train_all_loss": 1.995395152406259}
{"Losses/train_all_loss": 1.7833983302116394}
{"Losses/train_all_loss": 2.156669878146865}
{"Losses/train_all_loss": 3.028358452699401}
{"Losses/train_all_loss": 2.1632776016538795}
{"Losses/train_all_loss": 2.348117110404101}
{"Losses/train_all_loss": 2.589220328764482}
{"Losses/train_all_loss": 2.1862401975826784}
{"Losses/train_all_loss": 2.400584390894933}
{"Losses/train_all_loss": 0.9499084556644614}
{"Losses/train_all_loss": 1.9068684733726762}
{"Losses/train_all_loss": 2.1566008925437927}
{"Losses/train_all_loss": 2.920009271665053}
{"Losses/train_all_loss": 1.6353820657188243}
{"Losses/train_all_loss": 2.8237339718775316}
{"Losses/train_all_loss": 2.179629455913197}
