{"Losses/train_all_loss": 3.1578529238700868}
{"Losses/train_all_loss": 4.537153524160385}
{"Losses/train_all_loss": 2.998596727848053}
{"Losses/train_all_loss": 3.397966569662094}
{"Losses/train_all_loss": 5.010264909267425}
{"Losses/train_all_loss": 7.368957877159119}
{"Losses/train_all_loss": 1.9388457000255586}
{"Losses/train_all_loss": 5.202939963340759}
{"Losses/train_all_loss": 0.5535612821578979}
{"Losses/train_all_loss": 4.5545574724674225}
{"Losses/train_all_loss": 4.194055220484733}
{"Losses/train_all_loss": 6.222577738761902}
{"Losses/train_all_loss": 0.4986139893531799}
{"Losses/train_all_loss": 1.9064845502376557}
{"Losses/train_all_loss": 3.7390671491622927}
{"Losses/train_all_loss": 1.6835825145244598}
{"Losses/train_all_loss": 7.460723543167115}
{"Losses/train_all_loss": 3.4614068776369096}
{"Losses/train_all_loss": 5.096023690700531}
{"Losses/train_all_loss": 3.190866747498512}
{"Losses/train_all_loss": 5.921635085344315}
{"Losses/train_all_loss": 6.06056501865387}
{"Losses/train_all_loss": 4.297821593284607}
{"Losses/train_all_loss": 1.203739547729492}
{"Losses/train_all_loss": 3.6321852445602416}
{"Losses/train_all_loss": 3.7689523339271545}
{"Losses/train_all_loss": 3.363975298404694}
{"Losses/train_all_loss": 6.528502357006073}
{"Losses/train_all_loss": 2.5262653291225434}
{"Losses/train_all_loss": 2.2881480932235716}
{"Losses/train_all_loss": 3.992346405982971}
{"Losses/train_all_loss": 4.424736669659614}
{"Losses/train_all_loss": 1.1781104266643525}
{"Losses/train_all_loss": 3.021829831600189}
{"Losses/train_all_loss": 5.253373980522156}
{"Losses/train_all_loss": 0.7423291206359863}
{"Losses/train_all_loss": 2.9154244005680083}
{"Losses/train_all_loss": 3.1352526634931563}
{"Losses/train_all_loss": 4.907174521684647}
{"Losses/train_all_loss": 4.015332436561584}
{"Losses/train_all_loss": 3.4846479535102843}
{"Losses/train_all_loss": 2.1932626366615295}
{"Losses/train_all_loss": 3.0334710240364076}
{"Losses/train_all_loss": 3.154663860797882}
{"Losses/train_all_loss": 2.6938499391078947}
{"Losses/train_all_loss": 4.397367310523987}
{"Losses/train_all_loss": 2.8620677471160887}
{"Losses/train_all_loss": 2.3390445739030836}
{"Losses/train_all_loss": 3.375455152988434}
{"Losses/train_all_loss": 4.228464031219483}
{"Losses/train_all_loss": 3.368188428878784}
{"Losses/train_all_loss": 1.3704688355326653}
{"Losses/train_all_loss": 0.5749028921127319}
{"Losses/train_all_loss": 1.7133697032928468}
{"Losses/train_all_loss": 2.886079865694046}
{"Losses/train_all_loss": 16.31245801448822}
{"Losses/train_all_loss": 2.028372402489185}
{"Losses/train_all_loss": 4.588330984115601}
{"Losses/train_all_loss": 2.480791652202606}
{"Losses/train_all_loss": 2.2123066037893295}
{"Losses/train_all_loss": 2.3191127240657807}
{"Losses/train_all_loss": 2.0112839877605437}
{"Losses/train_all_loss": 2.592294380068779}
{"Losses/train_all_loss": 1.7544843673706054}
{"Losses/train_all_loss": 2.204386466741562}
{"Losses/train_all_loss": 1.1488571286201477}
{"Losses/train_all_loss": 1.3968171954154969}
{"Losses/train_all_loss": 2.5303815424442293}
{"Losses/train_all_loss": 3.4399847775697707}
{"Losses/train_all_loss": 1.6859309911727904}
{"Losses/train_all_loss": 2.9240812182426454}
{"Losses/train_all_loss": 0.9524513483047485}
{"Losses/train_all_loss": 1.784947896003723}
{"Losses/train_all_loss": 1.6886332750320434}
{"Losses/train_all_loss": 4.197938871383667}
