{"Losses/train_all_loss": 3.1501668870449064}
{"Losses/train_all_loss": 4.390465569496155}
{"Losses/train_all_loss": 2.758701169490814}
{"Losses/train_all_loss": 3.4152468919754027}
{"Losses/train_all_loss": 4.821416878700257}
{"Losses/train_all_loss": 6.694418066740036}
{"Losses/train_all_loss": 2.047958666086197}
{"Losses/train_all_loss": 5.053252100944519}
{"Losses/train_all_loss": 0.6536240994930267}
{"Losses/train_all_loss": 4.1913586258888245}
{"Losses/train_all_loss": 4.037660735845566}
{"Losses/train_all_loss": 5.651325500011444}
{"Losses/train_all_loss": 0.4998271644115448}
{"Losses/train_all_loss": 1.9491860121488571}
{"Losses/train_all_loss": 3.9189888715744017}
{"Losses/train_all_loss": 1.769823855161667}
{"Losses/train_all_loss": 2.64212509393692}
{"Losses/train_all_loss": 3.9697502702474594}
{"Losses/train_all_loss": 6.006099677085876}
{"Losses/train_all_loss": 3.0261066049337386}
{"Losses/train_all_loss": 4.881990849971771}
{"Losses/train_all_loss": 5.0651062488555905}
{"Losses/train_all_loss": 4.5816362500190735}
{"Losses/train_all_loss": 1.2094792485237122}
{"Losses/train_all_loss": 3.4624930143356325}
{"Losses/train_all_loss": 3.9955363035202027}
{"Losses/train_all_loss": 3.0270271003246307}
{"Losses/train_all_loss": 6.547945010662079}
{"Losses/train_all_loss": 2.436870777606964}
{"Losses/train_all_loss": 2.302027475833893}
{"Losses/train_all_loss": 3.7625313997268677}
{"Losses/train_all_loss": 4.576574644446373}
{"Losses/train_all_loss": 1.1511640310287476}
{"Losses/train_all_loss": 2.4405233561992645}
{"Losses/train_all_loss": 5.44854616522789}
{"Losses/train_all_loss": 0.7287679791450501}
{"Losses/train_all_loss": 2.285441428422928}
{"Losses/train_all_loss": 3.122872695326805}
{"Losses/train_all_loss": 4.660436218976974}
{"Losses/train_all_loss": 3.791650855541229}
{"Losses/train_all_loss": 3.192687749862671}
{"Losses/train_all_loss": 1.993572825193405}
{"Losses/train_all_loss": 2.444755566120148}
{"Losses/train_all_loss": 3.3837787330150606}
{"Losses/train_all_loss": 3.054065728187561}
{"Losses/train_all_loss": 4.721289205551147}
{"Losses/train_all_loss": 2.605679440498352}
{"Losses/train_all_loss": 2.3093147784471513}
{"Losses/train_all_loss": 3.290367829799652}
{"Losses/train_all_loss": 4.141404092311859}
{"Losses/train_all_loss": 3.0560075759887697}
{"Losses/train_all_loss": 1.3266987055540085}
{"Losses/train_all_loss": 0.5618461012840271}
{"Losses/train_all_loss": 1.7554996609687805}
{"Losses/train_all_loss": 3.0271104633808137}
{"Losses/train_all_loss": 16.536502647399903}
{"Losses/train_all_loss": 2.1181895241141317}
{"Losses/train_all_loss": 4.14965853691101}
{"Losses/train_all_loss": 2.590140736103058}
{"Losses/train_all_loss": 2.1422961741685866}
{"Losses/train_all_loss": 2.2007679522037504}
{"Losses/train_all_loss": 1.8426722228527068}
{"Losses/train_all_loss": 2.4220132321119308}
{"Losses/train_all_loss": 1.8968955516815185}
{"Losses/train_all_loss": 2.1769599974155427}
{"Losses/train_all_loss": 1.1224806427955627}
{"Losses/train_all_loss": 1.296136236190796}
{"Losses/train_all_loss": 2.7955222964286803}
{"Losses/train_all_loss": 3.3068480372428892}
{"Losses/train_all_loss": 1.7023073077201842}
{"Losses/train_all_loss": 2.492598462104797}
{"Losses/train_all_loss": 0.9222315073013305}
{"Losses/train_all_loss": 1.8157122015953064}
{"Losses/train_all_loss": 1.6085944384336472}
{"Losses/train_all_loss": 4.458637142181397}
