{"Losses/train_all_loss": 4.211142890155315}
{"Losses/train_all_loss": 1.9633147952457268}
{"Losses/train_all_loss": 4.16421614587307}
{"Losses/train_all_loss": 2.671281841893991}
{"Losses/train_all_loss": 4.329564665754636}
{"Losses/train_all_loss": 1.0741159468889236}
{"Losses/train_all_loss": 4.691983858744304}
{"Losses/train_all_loss": 3.9134720377624035}
{"Losses/train_all_loss": 3.6392094058295092}
{"Losses/train_all_loss": 3.03149892638127}
{"Losses/train_all_loss": 9.738406404852867}
{"Losses/train_all_loss": 4.051302117606004}
{"Losses/train_all_loss": 3.473709645370642}
{"Losses/train_all_loss": 2.1540589133898416}
{"Losses/train_all_loss": 3.6125884701808295}
{"Losses/train_all_loss": 12.49373239527146}
{"Losses/train_all_loss": 3.84348235030969}
{"Losses/train_all_loss": 2.501837380230427}
{"Losses/train_all_loss": 2.2103781327605247}
{"Losses/train_all_loss": 2.9531984850764275}
{"Losses/train_all_loss": 4.014752343297005}
{"Losses/train_all_loss": 3.8048169650137424}
{"Losses/train_all_loss": 4.425633981823921}
{"Losses/train_all_loss": 2.967729111512502}
{"Losses/train_all_loss": 3.3670991150041423}
{"Losses/train_all_loss": 2.702050564189752}
{"Losses/train_all_loss": 3.04820408547918}
{"Losses/train_all_loss": 1.6156641244888306}
{"Losses/train_all_loss": 3.7393854428082705}
{"Losses/train_all_loss": 3.5288325461248555}
{"Losses/train_all_loss": 2.7498614291350045}
{"Losses/train_all_loss": 3.023594676206509}
{"Losses/train_all_loss": 2.8174286714444556}
{"Losses/train_all_loss": 2.9430474899709225}
{"Losses/train_all_loss": 3.528586156666279}
{"Losses/train_all_loss": 2.848035285870234}
{"Losses/train_all_loss": 4.7466549923022585}
{"Losses/train_all_loss": 2.0702046180764833}
{"Losses/train_all_loss": 3.9885732860614858}
{"Losses/train_all_loss": 2.562331342448791}
{"Losses/train_all_loss": 2.7788990835348764}
{"Losses/train_all_loss": 2.627342779189348}
{"Losses/train_all_loss": 2.552711376299461}
{"Losses/train_all_loss": 2.268805210789045}
{"Losses/train_all_loss": 4.080879886945088}
{"Losses/train_all_loss": 2.3930520862340927}
{"Losses/train_all_loss": 3.640309346218904}
{"Losses/train_all_loss": 2.822144682208697}
{"Losses/train_all_loss": 8.29987276593844}
{"Losses/train_all_loss": 2.1901343017816544}
{"Losses/train_all_loss": 2.454021888474623}
{"Losses/train_all_loss": 2.191855231920878}
{"Losses/train_all_loss": 3.386335418870052}
{"Losses/train_all_loss": 2.979246523231268}
{"Losses/train_all_loss": 2.599746453265349}
{"Losses/train_all_loss": 2.2598877598841987}
{"Losses/train_all_loss": 2.5167838782072067}
{"Losses/train_all_loss": 1.620760263254245}
{"Losses/train_all_loss": 3.3612244178851447}
{"Losses/train_all_loss": 2.3856476532916226}
{"Losses/train_all_loss": 2.402095925062895}
{"Losses/train_all_loss": 2.3798882452150187}
{"Losses/train_all_loss": 2.2136432342231274}
{"Losses/train_all_loss": 11.236794649312893}
{"Losses/train_all_loss": 2.1908335518091917}
{"Losses/train_all_loss": 2.4734364226460457}
{"Losses/train_all_loss": 2.9786517582833767}
{"Losses/train_all_loss": 7.029479453961055}
{"Losses/train_all_loss": 2.406775382657846}
{"Losses/train_all_loss": 2.804666387538115}
{"Losses/train_all_loss": 2.733269857863585}
{"Losses/train_all_loss": 1.94467543810606}
{"Losses/train_all_loss": 2.6790750846266747}
{"Losses/train_all_loss": 3.070479159553846}
{"Losses/train_all_loss": 1.7810086930791538}
