{"Losses/train_all_loss": 4.710796404968608}
{"Losses/train_all_loss": 5.479761635715311}
{"Losses/train_all_loss": 4.412015186114744}
{"Losses/train_all_loss": 3.3378297754309396}
{"Losses/train_all_loss": 4.2332366149533875}
{"Losses/train_all_loss": 3.6987938284873962}
{"Losses/train_all_loss": 9.052457988262177}
{"Losses/train_all_loss": 2.902947359464385}
{"Losses/train_all_loss": 2.1540634456005963}
{"Losses/train_all_loss": 5.111259503798052}
{"Losses/train_all_loss": 5.152057328007438}
{"Losses/train_all_loss": 4.564386503262953}
{"Losses/train_all_loss": 3.222349452701482}
{"Losses/train_all_loss": 3.9885929348793896}
{"Losses/train_all_loss": 11.384670493277637}
{"Losses/train_all_loss": 4.697287353602323}
{"Losses/train_all_loss": 1.4692024724050001}
{"Losses/train_all_loss": 4.697332707318393}
{"Losses/train_all_loss": 4.038863639939915}
{"Losses/train_all_loss": 2.6734380383383143}
{"Losses/train_all_loss": 8.345895314758474}
{"Losses/train_all_loss": 3.4457268647172232}
{"Losses/train_all_loss": 13.978029402819546}
{"Losses/train_all_loss": 2.1695933612910183}
{"Losses/train_all_loss": 3.8121027675541965}
{"Losses/train_all_loss": 3.5106298435818064}
{"Losses/train_all_loss": 22.976736532016233}
{"Losses/train_all_loss": 4.976273884827441}
{"Losses/train_all_loss": 2.614683511582288}
{"Losses/train_all_loss": 1.512740988623012}
{"Losses/train_all_loss": 2.7384347996928473}
{"Losses/train_all_loss": 4.043015451593832}
{"Losses/train_all_loss": 2.5146490078080785}
{"Losses/train_all_loss": 3.220949023962021}
{"Losses/train_all_loss": 2.409353044900027}
{"Losses/train_all_loss": 3.040553786537864}
{"Losses/train_all_loss": 4.008059647950259}
{"Losses/train_all_loss": 3.343405078757893}
{"Losses/train_all_loss": 1.2593029249798169}
{"Losses/train_all_loss": 3.5823295577005907}
{"Losses/train_all_loss": 3.997023577039892}
{"Losses/train_all_loss": 1.8878261121836575}
{"Losses/train_all_loss": 3.761122367598794}
{"Losses/train_all_loss": 2.389340110800483}
{"Losses/train_all_loss": 3.0788291042501275}
{"Losses/train_all_loss": 2.284100365909663}
{"Losses/train_all_loss": 2.3540559356862847}
{"Losses/train_all_loss": 2.126279736107046}
{"Losses/train_all_loss": 7.6923564387993375}
{"Losses/train_all_loss": 2.704374232075431}
{"Losses/train_all_loss": 1.9387149214744568}
{"Losses/train_all_loss": 3.7641130794178355}
{"Losses/train_all_loss": 13.401235317642039}
{"Losses/train_all_loss": 3.623777441003106}
{"Losses/train_all_loss": 2.8410103537819604}
{"Losses/train_all_loss": 1.944008014418862}
{"Losses/train_all_loss": 2.379709617658095}
{"Losses/train_all_loss": 3.26181446286765}
{"Losses/train_all_loss": 3.882493718103929}
{"Losses/train_all_loss": 2.3130648081952874}
{"Losses/train_all_loss": 1.833534919402816}
{"Losses/train_all_loss": 8.460054446350444}
{"Losses/train_all_loss": 2.6887502534822985}
{"Losses/train_all_loss": 3.735270152037794}
{"Losses/train_all_loss": 2.2753594571893867}
{"Losses/train_all_loss": 2.6202920255335895}
{"Losses/train_all_loss": 2.6905928308313545}
{"Losses/train_all_loss": 2.488600118593736}
{"Losses/train_all_loss": 2.2692085192962126}
{"Losses/train_all_loss": 1.7080139084295793}
{"Losses/train_all_loss": 2.4516907805068926}
{"Losses/train_all_loss": 2.59654056484049}
{"Losses/train_all_loss": 2.888866578990763}
{"Losses/train_all_loss": 3.2214680232784967}
{"Losses/train_all_loss": 11.37782489711588}
