{"Losses/train_all_loss": 5.226500425826419}
{"Losses/train_all_loss": 5.279530221765691}
{"Losses/train_all_loss": 4.316199947487224}
{"Losses/train_all_loss": 3.3428464288061317}
{"Losses/train_all_loss": 3.8089238621971826}
{"Losses/train_all_loss": 3.5919359597292813}
{"Losses/train_all_loss": 4.759546290744435}
{"Losses/train_all_loss": 2.1364193233576687}
{"Losses/train_all_loss": 2.5032590248368005}
{"Losses/train_all_loss": 4.4215434627099475}
{"Losses/train_all_loss": 2.8593026955019343}
{"Losses/train_all_loss": 4.1042096154256305}
{"Losses/train_all_loss": 3.407051915472204}
{"Losses/train_all_loss": 3.3541260903531853}
{"Losses/train_all_loss": 3.3273850029165093}
{"Losses/train_all_loss": 4.1022220660339705}
{"Losses/train_all_loss": 2.1610411541028456}
{"Losses/train_all_loss": 16.145118607716128}
{"Losses/train_all_loss": 3.1257816498929802}
{"Losses/train_all_loss": 2.589780099012635}
{"Losses/train_all_loss": 3.0216587673534048}
{"Losses/train_all_loss": 5.27418202297254}
{"Losses/train_all_loss": 4.368080003695055}
{"Losses/train_all_loss": 1.877824073488062}
{"Losses/train_all_loss": 1.9248246577653019}
{"Losses/train_all_loss": 3.167820089242675}
{"Losses/train_all_loss": 3.923485268246044}
{"Losses/train_all_loss": 2.889806954698129}
{"Losses/train_all_loss": 1.9465497826988047}
{"Losses/train_all_loss": 1.2141570760445162}
{"Losses/train_all_loss": 2.8475688262419268}
{"Losses/train_all_loss": 3.038784971291369}
{"Losses/train_all_loss": 2.487143435261466}
{"Losses/train_all_loss": 3.0403948724269867}
{"Losses/train_all_loss": 2.9849256087433207}
{"Losses/train_all_loss": 2.2074452611533077}
{"Losses/train_all_loss": 3.982114692980593}
{"Losses/train_all_loss": 3.8368017998608677}
{"Losses/train_all_loss": 1.7371893653815442}
{"Losses/train_all_loss": 4.457848473028704}
{"Losses/train_all_loss": 4.454609767957167}
{"Losses/train_all_loss": 1.3781094087118453}
{"Losses/train_all_loss": 4.12271229245446}
{"Losses/train_all_loss": 1.8477800610390576}
{"Losses/train_all_loss": 2.589788327162916}
{"Losses/train_all_loss": 1.6529820940711282}
{"Losses/train_all_loss": 3.027425765991211}
{"Losses/train_all_loss": 2.1498465646396983}
{"Losses/train_all_loss": 7.053024306893349}
{"Losses/train_all_loss": 4.4321758855472915}
{"Losses/train_all_loss": 2.694899768991904}
{"Losses/train_all_loss": 3.902367450974204}
{"Losses/train_all_loss": 13.33331196145578}
{"Losses/train_all_loss": 3.0203721631656992}
{"Losses/train_all_loss": 2.5275889553807}
{"Losses/train_all_loss": 3.4561376185579733}
{"Losses/train_all_loss": 3.566286255012859}
{"Losses/train_all_loss": 2.9274363571947273}
{"Losses/train_all_loss": 2.5438815450126473}
{"Losses/train_all_loss": 2.3165094405412674}
{"Losses/train_all_loss": 2.0737669616937637}
{"Losses/train_all_loss": 2.9668068276210264}
{"Losses/train_all_loss": 1.9453679959882388}
{"Losses/train_all_loss": 1.9766341840678996}
{"Losses/train_all_loss": 2.378754412586039}
{"Losses/train_all_loss": 2.4578858891671356}
{"Losses/train_all_loss": 3.072331553155726}
{"Losses/train_all_loss": 2.9231841604818}
{"Losses/train_all_loss": 1.573791590603915}
{"Losses/train_all_loss": 2.1075118617577986}
{"Losses/train_all_loss": 2.177055162462321}
{"Losses/train_all_loss": 1.82460848309777}
{"Losses/train_all_loss": 1.700198663229292}
{"Losses/train_all_loss": 2.906382654200901}
{"Losses/train_all_loss": 1.2672290104356678}
