{"Losses/train_all_loss": 6.995342120528221}
{"Losses/train_all_loss": 2.3712301229437194}
{"Losses/train_all_loss": 3.838811330497265}
{"Losses/train_all_loss": 2.4884810398022332}
{"Losses/train_all_loss": 4.378999049464862}
{"Losses/train_all_loss": 0.9632984101772308}
{"Losses/train_all_loss": 4.779423472781976}
{"Losses/train_all_loss": 3.8621314242482185}
{"Losses/train_all_loss": 3.461733271678289}
{"Losses/train_all_loss": 2.8734730035066605}
{"Losses/train_all_loss": 5.485571652650833}
{"Losses/train_all_loss": 4.094006183246772}
{"Losses/train_all_loss": 3.926336927960316}
{"Losses/train_all_loss": 1.956807849307855}
{"Losses/train_all_loss": 3.4144638553261757}
{"Losses/train_all_loss": 3.5416823253035545}
{"Losses/train_all_loss": 3.8419919162988663}
{"Losses/train_all_loss": 2.9890370505551496}
{"Losses/train_all_loss": 2.0513767500718436}
{"Losses/train_all_loss": 3.592937601109346}
{"Losses/train_all_loss": 3.90357136229674}
{"Losses/train_all_loss": 3.774597331881523}
{"Losses/train_all_loss": 4.5091774587829905}
{"Losses/train_all_loss": 2.579041048884392}
{"Losses/train_all_loss": 2.7817216652135053}
{"Losses/train_all_loss": 3.482999606678883}
{"Losses/train_all_loss": 3.195351236810287}
{"Losses/train_all_loss": 1.6897321566939354}
{"Losses/train_all_loss": 3.317212018494805}
{"Losses/train_all_loss": 2.9758403822779655}
{"Losses/train_all_loss": 2.883186310529709}
{"Losses/train_all_loss": 3.067814248303572}
{"Losses/train_all_loss": 2.3184043119351068}
{"Losses/train_all_loss": 2.930216128627459}
{"Losses/train_all_loss": 3.509262368083}
{"Losses/train_all_loss": 2.402470912784338}
{"Losses/train_all_loss": 5.0309053013722105}
{"Losses/train_all_loss": 2.245023646702369}
{"Losses/train_all_loss": 3.6412052425245442}
{"Losses/train_all_loss": 2.853980351239443}
{"Losses/train_all_loss": 3.5943506682912507}
{"Losses/train_all_loss": 2.872196496774753}
{"Losses/train_all_loss": 2.1857950848837695}
{"Losses/train_all_loss": 2.230987341453632}
{"Losses/train_all_loss": 4.037091349562009}
{"Losses/train_all_loss": 2.6888980815807977}
{"Losses/train_all_loss": 3.269896058986584}
{"Losses/train_all_loss": 3.0631172756354013}
{"Losses/train_all_loss": 8.064290614177784}
{"Losses/train_all_loss": 2.6213528414567313}
