{"Losses/train_all_loss": 6.476570417483647}
{"Losses/train_all_loss": 3.772354851166407}
{"Losses/train_all_loss": 6.726637840270996}
{"Losses/train_all_loss": 2.994111344218254}
{"Losses/train_all_loss": 4.810217708349228}
{"Losses/train_all_loss": 2.042990001539389}
{"Losses/train_all_loss": 4.018314865728219}
{"Losses/train_all_loss": 4.637996688485146}
{"Losses/train_all_loss": 3.628105924775203}
{"Losses/train_all_loss": 3.485510711868604}
{"Losses/train_all_loss": 5.494723921020825}
{"Losses/train_all_loss": 3.7542607188224792}
{"Losses/train_all_loss": 3.4261478881041207}
{"Losses/train_all_loss": 1.9643181016047795}
{"Losses/train_all_loss": 3.4025560915470123}
{"Losses/train_all_loss": 3.9105650186538696}
{"Losses/train_all_loss": 4.4413542449474335}
{"Losses/train_all_loss": 3.613600682467222}
{"Losses/train_all_loss": 3.1894236554702124}
{"Losses/train_all_loss": 4.309241119772196}
{"Losses/train_all_loss": 3.7163469096024833}
{"Losses/train_all_loss": 3.620760813355446}
{"Losses/train_all_loss": 2.835215342541536}
{"Losses/train_all_loss": 2.9017739668488503}
{"Losses/train_all_loss": 4.013370156288147}
{"Losses/train_all_loss": 11.442194686581692}
{"Losses/train_all_loss": 3.3610246231158576}
{"Losses/train_all_loss": 2.060415267944336}
{"Losses/train_all_loss": 3.300980461140474}
{"Losses/train_all_loss": 4.193736252685388}
{"Losses/train_all_loss": 3.761779300868511}
{"Losses/train_all_loss": 2.1604385475317636}
{"Losses/train_all_loss": 3.1808416495720544}
{"Losses/train_all_loss": 3.1446784660220146}
{"Losses/train_all_loss": 3.9528799057006836}
{"Losses/train_all_loss": 2.477827596167723}
{"Losses/train_all_loss": 4.48215551674366}
{"Losses/train_all_loss": 2.6814483031630516}
{"Losses/train_all_loss": 3.2025410955150924}
{"Losses/train_all_loss": 2.564120595653852}
{"Losses/train_all_loss": 3.232412559290727}
{"Losses/train_all_loss": 2.158117907742659}
{"Losses/train_all_loss": 1.9920378910998504}
{"Losses/train_all_loss": 2.0617588832974434}
{"Losses/train_all_loss": 3.4611728439728418}
{"Losses/train_all_loss": 2.6622483829657235}
{"Losses/train_all_loss": 2.771463637550672}
{"Losses/train_all_loss": 3.308585281173388}
{"Losses/train_all_loss": 4.551258325576782}
{"Losses/train_all_loss": 2.777923616270224}
{"Losses/train_all_loss": 8.169090755283833}
{"Losses/train_all_loss": 2.555782299488783}
{"Losses/train_all_loss": 2.37163986514012}
{"Losses/train_all_loss": 3.2238928650816283}
{"Losses/train_all_loss": 1.7945209840933483}
{"Losses/train_all_loss": 2.2964136513570943}
{"Losses/train_all_loss": 17.404501885175705}
{"Losses/train_all_loss": 6.029958439369996}
{"Losses/train_all_loss": 2.6561596741278968}
{"Losses/train_all_loss": 6.1871050745248795}
{"Losses/train_all_loss": 2.3302044297258058}
{"Losses/train_all_loss": 2.3530162821213403}
{"Losses/train_all_loss": 2.783288142333428}
{"Losses/train_all_loss": 1.8211309934655826}
{"Losses/train_all_loss": 5.3257151413708925}
{"Losses/train_all_loss": 2.328895707925161}
{"Losses/train_all_loss": 2.0397891998291016}
{"Losses/train_all_loss": 7.011108659207821}
{"Losses/train_all_loss": 2.3107886823515096}
{"Losses/train_all_loss": 3.0293273652593293}
{"Losses/train_all_loss": 3.693194900949796}
{"Losses/train_all_loss": 2.4590904427071414}
{"Losses/train_all_loss": 3.067792604366938}
{"Losses/train_all_loss": 3.3955602000157037}
{"Losses/train_all_loss": 5.56679571668307}
