{"Losses/train_all_loss": 5.6509759575128555}
{"Losses/train_all_loss": 4.129486697415511}
{"Losses/train_all_loss": 5.250230972965558}
{"Losses/train_all_loss": 3.4046273256341615}
{"Losses/train_all_loss": 4.912622032066186}
{"Losses/train_all_loss": 0.9321646789709727}
{"Losses/train_all_loss": 3.5689834281802177}
{"Losses/train_all_loss": 4.419338369121154}
{"Losses/train_all_loss": 3.0829350352287292}
{"Losses/train_all_loss": 4.157208236555259}
{"Losses/train_all_loss": 4.266463354229927}
{"Losses/train_all_loss": 4.0721885326008005}
{"Losses/train_all_loss": 3.2918134070932865}
{"Losses/train_all_loss": 2.3515341033538184}
{"Losses/train_all_loss": 3.6551788424452147}
{"Losses/train_all_loss": 3.8889675276974836}
{"Losses/train_all_loss": 3.4826243072748184}
{"Losses/train_all_loss": 3.1436880255738893}
{"Losses/train_all_loss": 2.676084147145351}
{"Losses/train_all_loss": 2.895640810330709}
{"Losses/train_all_loss": 5.0087908655405045}
{"Losses/train_all_loss": 3.4691207483410835}
{"Losses/train_all_loss": 2.811146203428507}
{"Losses/train_all_loss": 2.7798959091305733}
{"Losses/train_all_loss": 3.830185358723005}
{"Losses/train_all_loss": 4.226158005495866}
{"Losses/train_all_loss": 2.5447229271133742}
{"Losses/train_all_loss": 1.9453095321853955}
{"Losses/train_all_loss": 2.8139328360557556}
{"Losses/train_all_loss": 3.1215140831967196}
{"Losses/train_all_loss": 2.5099820755422115}
{"Losses/train_all_loss": 3.3838809728622437}
{"Losses/train_all_loss": 2.5776762266953788}
{"Losses/train_all_loss": 4.218303992102544}
{"Losses/train_all_loss": 2.610415332019329}
{"Losses/train_all_loss": 2.051675091187159}
{"Losses/train_all_loss": 4.562703075508277}
{"Losses/train_all_loss": 2.5247231038908162}
{"Losses/train_all_loss": 3.638480044901371}
{"Losses/train_all_loss": 2.3324582464993}
{"Losses/train_all_loss": 3.1366035416722298}
{"Losses/train_all_loss": 2.3775121544798217}
{"Losses/train_all_loss": 2.6797457051773867}
{"Losses/train_all_loss": 1.714655766884486}
{"Losses/train_all_loss": 3.4327985836813846}
{"Losses/train_all_loss": 2.667538307607174}
{"Losses/train_all_loss": 4.076880594094594}
{"Losses/train_all_loss": 3.6379715415338674}
{"Losses/train_all_loss": 4.144544216493766}
{"Losses/train_all_loss": 3.417585976421833}
{"Losses/train_all_loss": 3.0230252345403037}
{"Losses/train_all_loss": 2.323456777880589}
{"Losses/train_all_loss": 2.715803325176239}
{"Losses/train_all_loss": 2.4641024842858315}
{"Losses/train_all_loss": 2.5501197601358094}
{"Losses/train_all_loss": 3.916083083798488}
{"Losses/train_all_loss": 2.8994011456767717}
{"Losses/train_all_loss": 2.2064673950274787}
{"Losses/train_all_loss": 3.6230597719550133}
{"Losses/train_all_loss": 2.7272589852412543}
{"Losses/train_all_loss": 2.5570031628012657}
{"Losses/train_all_loss": 4.744057049353917}
{"Losses/train_all_loss": 2.263671680043141}
{"Losses/train_all_loss": 3.020470411827167}
{"Losses/train_all_loss": 1.730805019537608}
{"Losses/train_all_loss": 3.138985064191123}
{"Losses/train_all_loss": 2.602083989729484}
{"Losses/train_all_loss": 3.636221473415693}
{"Losses/train_all_loss": 1.9110165014863014}
{"Losses/train_all_loss": 3.1303964915374913}
{"Losses/train_all_loss": 2.468285924444596}
{"Losses/train_all_loss": 2.5955015309154987}
{"Losses/train_all_loss": 2.935907964905103}
{"Losses/train_all_loss": 3.725704657534758}
{"Losses/train_all_loss": 1.9918358959257603}
{"Losses/train_all_loss": 1.824780710041523}
{"Losses/train_all_loss": 2.3507606921096644}
{"Losses/train_all_loss": 6.485358039538066}
{"Losses/train_all_loss": 3.21765169625481}
{"Losses/train_all_loss": 2.784345226983229}
{"Losses/train_all_loss": 2.206382595002651}
{"Losses/train_all_loss": 6.021830756217241}
{"Losses/train_all_loss": 1.6118066037694614}
{"Losses/train_all_loss": 3.0052855412165322}
{"Losses/train_all_loss": 2.922210200379292}
{"Losses/train_all_loss": 2.3736849327882132}
{"Losses/train_all_loss": 2.1702194983760514}
{"Losses/train_all_loss": 2.0196722658971944}
{"Losses/train_all_loss": 3.8836750090122223}
{"Losses/train_all_loss": 2.838678768525521}
{"Losses/train_all_loss": 1.2459369823336601}
{"Losses/train_all_loss": 2.3333831056952477}
{"Losses/train_all_loss": 1.2656011978785198}
{"Losses/train_all_loss": 3.2293739753464856}
{"Losses/train_all_loss": 3.4484150148928165}
{"Losses/train_all_loss": 2.229552341004213}
{"Losses/train_all_loss": 7.478796428690354}
{"Losses/train_all_loss": 1.8211706864337127}
{"Losses/train_all_loss": 2.417115098486344}
{"Losses/train_all_loss": 1.5810726719597976}
