{"Losses/train_all_loss": 6.0563813090324405}
{"Losses/train_all_loss": 4.377225172519684}
{"Losses/train_all_loss": 2.555539959669113}
{"Losses/train_all_loss": 3.78139471411705}
{"Losses/train_all_loss": 4.034961289167404}
{"Losses/train_all_loss": 5.892449045181275}
{"Losses/train_all_loss": 1.9411465525627136}
{"Losses/train_all_loss": 5.0573108971118925}
{"Losses/train_all_loss": 0.5381998032331466}
{"Losses/train_all_loss": 4.120120704174042}
{"Losses/train_all_loss": 4.085417306423187}
{"Losses/train_all_loss": 5.140464854240418}
{"Losses/train_all_loss": 0.5427537500858307}
{"Losses/train_all_loss": 1.5635613679885865}
{"Losses/train_all_loss": 5.335350453853607}
{"Losses/train_all_loss": 2.1892148584127424}
{"Losses/train_all_loss": 7.785074591636658}
{"Losses/train_all_loss": 2.408334347605705}
{"Losses/train_all_loss": 4.917098438739776}
{"Losses/train_all_loss": 16.396114748716354}
{"Losses/train_all_loss": 4.005146718025207}
{"Losses/train_all_loss": 6.0256532549858095}
{"Losses/train_all_loss": 4.037371325492859}
{"Losses/train_all_loss": 1.339566022157669}
{"Losses/train_all_loss": 4.032555317878723}
{"Losses/train_all_loss": 5.602704936265946}
{"Losses/train_all_loss": 3.6940048396587373}
{"Losses/train_all_loss": 5.836033231019973}
{"Losses/train_all_loss": 3.2604660987854004}
{"Losses/train_all_loss": 14.124012327194214}
{"Losses/train_all_loss": 3.778280258178711}
{"Losses/train_all_loss": 4.666824528574944}
{"Losses/train_all_loss": 0.9856725454330444}
{"Losses/train_all_loss": 2.9395423769950866}
{"Losses/train_all_loss": 4.231014537811279}
{"Losses/train_all_loss": 0.7373996913433075}
{"Losses/train_all_loss": 1.9799212127923966}
{"Losses/train_all_loss": 2.9278360962867738}
{"Losses/train_all_loss": 4.0846792459487915}
{"Losses/train_all_loss": 3.4509765803813934}
{"Losses/train_all_loss": 3.1138947725296022}
{"Losses/train_all_loss": 2.184835782647133}
{"Losses/train_all_loss": 1.8463406562805176}
{"Losses/train_all_loss": 3.2854842066764833}
{"Losses/train_all_loss": 2.115839052200317}
{"Losses/train_all_loss": 4.400686597824096}
{"Losses/train_all_loss": 2.6387506484985352}
{"Losses/train_all_loss": 2.8351170897483824}
{"Losses/train_all_loss": 3.842276096343994}
{"Losses/train_all_loss": 3.9936086654663088}
{"Losses/train_all_loss": 3.342491126060486}
{"Losses/train_all_loss": 1.3180870950222014}
{"Losses/train_all_loss": 0.5418885052204132}
{"Losses/train_all_loss": 1.8559569478034974}
{"Losses/train_all_loss": 3.1956745445728303}
{"Losses/train_all_loss": 16.786667984724044}
{"Losses/train_all_loss": 1.779572319984436}
{"Losses/train_all_loss": 4.456689643859863}
{"Losses/train_all_loss": 2.725709944963455}
{"Losses/train_all_loss": 1.9594753235578537}
{"Losses/train_all_loss": 2.5040223062038423}
{"Losses/train_all_loss": 1.5734485566616059}
{"Losses/train_all_loss": 2.1486187249422075}
{"Losses/train_all_loss": 1.6414475083351134}
{"Losses/train_all_loss": 1.7892501831054688}
{"Losses/train_all_loss": 1.4446767210960387}
{"Losses/train_all_loss": 1.2807358026504516}
{"Losses/train_all_loss": 2.3374641299247743}
{"Losses/train_all_loss": 3.2258289754390717}
{"Losses/train_all_loss": 1.7812761783599853}
{"Losses/train_all_loss": 2.6686052471399306}
{"Losses/train_all_loss": 1.1589745879173279}
{"Losses/train_all_loss": 1.7304583966732026}
{"Losses/train_all_loss": 1.3270250260829926}
{"Losses/train_all_loss": 4.131600666046142}
