{"Losses/train_all_loss": 5.36100659519434}
{"Losses/train_all_loss": 2.3201523969570794}
{"Losses/train_all_loss": 4.320064606765906}
{"Losses/train_all_loss": 2.4010988771915436}
{"Losses/train_all_loss": 4.081311444441478}
{"Losses/train_all_loss": 0.9844493592778841}
{"Losses/train_all_loss": 4.717143684625626}
{"Losses/train_all_loss": 3.668999316791693}
{"Losses/train_all_loss": 3.0785889277855554}
{"Losses/train_all_loss": 3.554033083220323}
{"Losses/train_all_loss": 5.514367327094078}
{"Losses/train_all_loss": 3.9131896694501243}
{"Losses/train_all_loss": 3.512321108331283}
{"Losses/train_all_loss": 2.005623571574688}
{"Losses/train_all_loss": 3.6183588976661363}
{"Losses/train_all_loss": 12.760857482751211}
{"Losses/train_all_loss": 3.785040020942688}
{"Losses/train_all_loss": 2.7965034879744053}
{"Losses/train_all_loss": 2.408359949787458}
{"Losses/train_all_loss": 3.542148694396019}
{"Losses/train_all_loss": 4.304620161652565}
{"Losses/train_all_loss": 3.189937435090542}
{"Losses/train_all_loss": 4.342604818443458}
{"Losses/train_all_loss": 2.9494911978642144}
{"Losses/train_all_loss": 2.9230542108416557}
{"Losses/train_all_loss": 2.2972032570590577}
{"Losses/train_all_loss": 3.0879270173609257}
{"Losses/train_all_loss": 1.617983917395274}
{"Losses/train_all_loss": 3.3316965457051992}
{"Losses/train_all_loss": 3.2809557182093463}
{"Losses/train_all_loss": 2.8831623271107674}
{"Losses/train_all_loss": 3.419514919320742}
{"Losses/train_all_loss": 2.7040605631967387}
{"Losses/train_all_loss": 3.4726505894213915}
{"Losses/train_all_loss": 4.113172939668099}
{"Losses/train_all_loss": 2.8716711377104125}
{"Losses/train_all_loss": 4.797958925366402}
{"Losses/train_all_loss": 2.1171285584568977}
{"Losses/train_all_loss": 3.8801560358454785}
{"Losses/train_all_loss": 3.060525876780351}
{"Losses/train_all_loss": 3.4202532892425856}
{"Losses/train_all_loss": 2.412027104447285}
{"Losses/train_all_loss": 2.247902707507213}
{"Losses/train_all_loss": 2.301669412602981}
{"Losses/train_all_loss": 4.494754709303379}
{"Losses/train_all_loss": 2.7895099061230817}
{"Losses/train_all_loss": 3.0391983153919377}
{"Losses/train_all_loss": 3.2603807548681893}
{"Losses/train_all_loss": 12.985571332275867}
{"Losses/train_all_loss": 2.44027470673124}
{"Losses/train_all_loss": 2.338709202905496}
{"Losses/train_all_loss": 2.1027082577347755}
{"Losses/train_all_loss": 2.770103543996811}
{"Losses/train_all_loss": 3.0213930966953435}
{"Losses/train_all_loss": 2.372832715511322}
{"Losses/train_all_loss": 2.11249465867877}
{"Losses/train_all_loss": 2.654690428326527}
{"Losses/train_all_loss": 1.8880910960336525}
{"Losses/train_all_loss": 3.2447806348403296}
{"Losses/train_all_loss": 2.5125907820959887}
{"Losses/train_all_loss": 2.7017318730552993}
{"Losses/train_all_loss": 2.279887410501639}
{"Losses/train_all_loss": 2.626150507479906}
{"Losses/train_all_loss": 11.225762250522772}
{"Losses/train_all_loss": 1.8379439910252888}
{"Losses/train_all_loss": 2.431463291247686}
{"Losses/train_all_loss": 2.8998705061773458}
{"Losses/train_all_loss": 7.481539703905582}
{"Losses/train_all_loss": 2.4147552475333214}
{"Losses/train_all_loss": 3.123420593639215}
{"Losses/train_all_loss": 2.7801870380838714}
{"Losses/train_all_loss": 2.0883220670123896}
{"Losses/train_all_loss": 2.807617927591006}
{"Losses/train_all_loss": 3.316605572899183}
{"Losses/train_all_loss": 1.8883279363314311}
