{"Losses/train_all_loss": 3.830525162319342}
{"Losses/train_all_loss": 2.456255848209063}
{"Losses/train_all_loss": 3.9435109620292983}
{"Losses/train_all_loss": 2.4369340551396212}
{"Losses/train_all_loss": 3.6072228203217187}
{"Losses/train_all_loss": 0.9852112730344137}
{"Losses/train_all_loss": 3.8687389194965363}
{"Losses/train_all_loss": 3.6120065624515214}
{"Losses/train_all_loss": 3.2977786995470524}
{"Losses/train_all_loss": 3.1428703516721725}
{"Losses/train_all_loss": 5.889049649238586}
{"Losses/train_all_loss": 3.6987061724066734}
{"Losses/train_all_loss": 3.278951369225979}
{"Losses/train_all_loss": 1.9288080856204033}
{"Losses/train_all_loss": 3.2562700609366098}
{"Losses/train_all_loss": 12.932136847327152}
{"Losses/train_all_loss": 3.7950651720166206}
{"Losses/train_all_loss": 3.4025102891027927}
{"Losses/train_all_loss": 2.0313486233353615}
{"Losses/train_all_loss": 3.294324061522881}
{"Losses/train_all_loss": 4.125535657008489}
{"Losses/train_all_loss": 3.765511599679788}
{"Losses/train_all_loss": 4.80936365822951}
{"Losses/train_all_loss": 3.352467695871989}
{"Losses/train_all_loss": 2.879099896798531}
{"Losses/train_all_loss": 2.3792478864391646}
{"Losses/train_all_loss": 2.9428191309173903}
{"Losses/train_all_loss": 1.4796051581700642}
{"Losses/train_all_loss": 3.863523210088412}
{"Losses/train_all_loss": 2.95786947136124}
{"Losses/train_all_loss": 3.8626613641778627}
{"Losses/train_all_loss": 2.7968022115528584}
{"Losses/train_all_loss": 2.623094592243433}
{"Losses/train_all_loss": 3.279566572358211}
{"Losses/train_all_loss": 3.653921448936065}
{"Losses/train_all_loss": 2.487393389145533}
{"Losses/train_all_loss": 4.54186354080836}
{"Losses/train_all_loss": 2.1460588412980237}
{"Losses/train_all_loss": 4.253005972752969}
{"Losses/train_all_loss": 2.5525948281089463}
{"Losses/train_all_loss": 3.483745532731215}
{"Losses/train_all_loss": 2.4083658568561077}
{"Losses/train_all_loss": 2.4304234522084394}
{"Losses/train_all_loss": 1.9839297110835712}
{"Losses/train_all_loss": 4.312630499402682}
{"Losses/train_all_loss": 2.6197037994861603}
{"Losses/train_all_loss": 3.1001893368860087}
{"Losses/train_all_loss": 3.2715954271455607}
{"Losses/train_all_loss": 7.552576002975305}
{"Losses/train_all_loss": 2.4604072707394757}
{"Losses/train_all_loss": 2.2778813540935516}
{"Losses/train_all_loss": 1.944801039993763}
{"Losses/train_all_loss": 2.8252912449340024}
{"Losses/train_all_loss": 3.0119364485144615}
{"Losses/train_all_loss": 2.509123076995214}
{"Losses/train_all_loss": 2.148116904000441}
{"Losses/train_all_loss": 2.9848816146453223}
{"Losses/train_all_loss": 1.5238917643825214}
{"Losses/train_all_loss": 3.392919108271599}
{"Losses/train_all_loss": 2.559186849743128}
{"Losses/train_all_loss": 2.5265258252620697}
{"Losses/train_all_loss": 2.1317349138359227}
{"Losses/train_all_loss": 2.2097796387970448}
{"Losses/train_all_loss": 10.899367426832518}
{"Losses/train_all_loss": 1.7889434440682332}
{"Losses/train_all_loss": 2.348192053536574}
{"Losses/train_all_loss": 2.8189266162614026}
{"Losses/train_all_loss": 4.207205961147944}
{"Losses/train_all_loss": 2.1680192897717157}
{"Losses/train_all_loss": 3.0408362249533334}
{"Losses/train_all_loss": 2.725604549050331}
{"Losses/train_all_loss": 2.0836764201521873}
{"Losses/train_all_loss": 2.7976647317409515}
{"Losses/train_all_loss": 3.075051578382651}
{"Losses/train_all_loss": 1.7394388976196449}
