{"Losses/train_all_loss": 2.9205685393376783}
{"Losses/train_all_loss": 3.65750992027196}
{"Losses/train_all_loss": 4.7466367212208835}
{"Losses/train_all_loss": 2.963288950649175}
{"Losses/train_all_loss": 4.774694754318758}
{"Losses/train_all_loss": 4.18927144326947}
{"Losses/train_all_loss": 2.951424530961297}
{"Losses/train_all_loss": 1.8800794875079936}
{"Losses/train_all_loss": 4.163766587322408}
{"Losses/train_all_loss": 3.6185393279249016}
{"Losses/train_all_loss": 2.536138206720352}
{"Losses/train_all_loss": 3.575692902911793}
{"Losses/train_all_loss": 4.504526951096275}
{"Losses/train_all_loss": 3.9242731671441686}
{"Losses/train_all_loss": 3.427202669056979}
{"Losses/train_all_loss": 3.5895194086161526}
{"Losses/train_all_loss": 1.573015267198736}
{"Losses/train_all_loss": 3.846932841972871}
{"Losses/train_all_loss": 4.062823366035115}
{"Losses/train_all_loss": 3.33897650512782}
{"Losses/train_all_loss": 2.80924512852322}
{"Losses/train_all_loss": 9.835954036224972}
{"Losses/train_all_loss": 5.169775949283079}
{"Losses/train_all_loss": 2.6739025244658645}
{"Losses/train_all_loss": 2.4231532324444163}
{"Losses/train_all_loss": 2.8912501578981225}
{"Losses/train_all_loss": 4.170174514705485}
{"Losses/train_all_loss": 2.5925823030146686}
{"Losses/train_all_loss": 2.3433269506151024}
{"Losses/train_all_loss": 1.356762178919532}
{"Losses/train_all_loss": 2.601828549395908}
{"Losses/train_all_loss": 3.550952209667726}
{"Losses/train_all_loss": 1.5285950248891658}
{"Losses/train_all_loss": 2.5140641169114546}
{"Losses/train_all_loss": 2.5979875299063595}
{"Losses/train_all_loss": 1.9551935209469362}
{"Losses/train_all_loss": 3.643293788487261}
{"Losses/train_all_loss": 3.1198943203145806}
{"Losses/train_all_loss": 1.262883254072883}
{"Losses/train_all_loss": 4.162280900911852}
{"Losses/train_all_loss": 4.152815450321544}
{"Losses/train_all_loss": 1.6723099466074596}
{"Losses/train_all_loss": 3.7836854728785427}
{"Losses/train_all_loss": 2.323142399842089}
{"Losses/train_all_loss": 3.8450381430712612}
{"Losses/train_all_loss": 1.5920519124377857}
{"Losses/train_all_loss": 2.114729721437801}
{"Losses/train_all_loss": 3.25357108224522}
{"Losses/train_all_loss": 14.186567692594094}
{"Losses/train_all_loss": 2.5442693016745825}
{"Losses/train_all_loss": 3.0055370412089606}
{"Losses/train_all_loss": 3.681624553420327}
{"Losses/train_all_loss": 4.037871244278821}
{"Losses/train_all_loss": 2.9374862110072915}
{"Losses/train_all_loss": 2.8209633095697924}
{"Losses/train_all_loss": 1.7210087071765552}
{"Losses/train_all_loss": 3.4322079094973477}
{"Losses/train_all_loss": 2.825251495296305}
{"Losses/train_all_loss": 3.027841026132757}
{"Losses/train_all_loss": 2.672102689743042}
{"Losses/train_all_loss": 2.389030868356878}
{"Losses/train_all_loss": 2.1761407350951973}
{"Losses/train_all_loss": 3.0717842009934513}
{"Losses/train_all_loss": 1.7747309309515087}
{"Losses/train_all_loss": 1.5492638539184223}
{"Losses/train_all_loss": 3.4842287843877617}
{"Losses/train_all_loss": 2.9392591660672966}
{"Losses/train_all_loss": 2.464370765469291}
{"Losses/train_all_loss": 1.3662673803893002}
{"Losses/train_all_loss": 3.0102343532172116}
{"Losses/train_all_loss": 2.4332866045561703}
{"Losses/train_all_loss": 3.8165467950430783}
{"Losses/train_all_loss": 1.990157182921063}
{"Losses/train_all_loss": 3.2038815184073015}
{"Losses/train_all_loss": 2.1066230298443274}
