{"Losses/train_all_loss": 4.937268376350403}
{"Losses/train_all_loss": 1.991062454879284}
{"Losses/train_all_loss": 4.2730978180964785}
{"Losses/train_all_loss": 2.716649723549684}
{"Losses/train_all_loss": 4.373490159710248}
{"Losses/train_all_loss": 1.0832494447628658}
{"Losses/train_all_loss": 4.170464654763539}
{"Losses/train_all_loss": 4.384853923072417}
{"Losses/train_all_loss": 4.3319167494773865}
{"Losses/train_all_loss": 3.437219542761644}
{"Losses/train_all_loss": 5.808374762535095}
{"Losses/train_all_loss": 3.8119054585695267}
{"Losses/train_all_loss": 3.7151349360744157}
{"Losses/train_all_loss": 2.0291554828484855}
{"Losses/train_all_loss": 3.297194503247738}
{"Losses/train_all_loss": 13.220840228100618}
{"Losses/train_all_loss": 3.7931585485736528}
{"Losses/train_all_loss": 2.79972334826986}
{"Losses/train_all_loss": 2.140131218979756}
{"Losses/train_all_loss": 3.4420805126428604}
{"Losses/train_all_loss": 4.237230519453685}
{"Losses/train_all_loss": 3.798519589006901}
{"Losses/train_all_loss": 4.833784349262714}
{"Losses/train_all_loss": 3.116141390055418}
{"Losses/train_all_loss": 3.408082712441683}
{"Losses/train_all_loss": 2.7887055724859238}
{"Losses/train_all_loss": 2.8040630432466664}
{"Losses/train_all_loss": 1.719201222062111}
{"Losses/train_all_loss": 3.6473291932294765}
{"Losses/train_all_loss": 3.291222027192513}
{"Losses/train_all_loss": 2.9493698962032795}
{"Losses/train_all_loss": 3.0302630104124546}
{"Losses/train_all_loss": 2.6410359889268875}
{"Losses/train_all_loss": 3.2457451596856117}
{"Losses/train_all_loss": 3.5637272807459035}
{"Losses/train_all_loss": 2.848501785347859}
{"Losses/train_all_loss": 5.100123792886734}
{"Losses/train_all_loss": 2.0600456595420837}
{"Losses/train_all_loss": 3.7639140946169696}
{"Losses/train_all_loss": 2.6053463170925775}
{"Losses/train_all_loss": 2.9235487207770348}
{"Losses/train_all_loss": 2.335847136874994}
{"Losses/train_all_loss": 2.616328881432613}
{"Losses/train_all_loss": 2.557957607631882}
{"Losses/train_all_loss": 4.012743227183819}
{"Losses/train_all_loss": 2.5808854326605797}
{"Losses/train_all_loss": 3.603097959111134}
{"Losses/train_all_loss": 3.0489812990029654}
{"Losses/train_all_loss": 8.416192697981993}
{"Losses/train_all_loss": 2.1076590890685716}
{"Losses/train_all_loss": 2.3504922265807786}
{"Losses/train_all_loss": 2.1539904847741127}
{"Losses/train_all_loss": 3.1536180153489113}
{"Losses/train_all_loss": 2.7819191875557103}
{"Losses/train_all_loss": 2.444675220797459}
{"Losses/train_all_loss": 2.392862298836311}
{"Losses/train_all_loss": 2.6492784122625985}
{"Losses/train_all_loss": 1.6208769145111244}
{"Losses/train_all_loss": 3.465180096526941}
{"Losses/train_all_loss": 2.7176794248322644}
{"Losses/train_all_loss": 2.531885256369909}
{"Losses/train_all_loss": 2.4584162992735705}
{"Losses/train_all_loss": 2.4739592472712197}
{"Losses/train_all_loss": 11.139915565649668}
{"Losses/train_all_loss": 2.4498103726655245}
{"Losses/train_all_loss": 2.6203753451506295}
{"Losses/train_all_loss": 3.072053206463655}
{"Losses/train_all_loss": 7.349960712095101}
{"Losses/train_all_loss": 2.513006935516993}
{"Losses/train_all_loss": 2.841939464211464}
{"Losses/train_all_loss": 3.0261160507798195}
{"Losses/train_all_loss": 1.959277629852295}
{"Losses/train_all_loss": 2.5853374575575194}
{"Losses/train_all_loss": 3.0653936862945557}
{"Losses/train_all_loss": 1.81260484457016}
