{"Losses/train_all_loss": 4.017087223854932}
{"Losses/train_all_loss": 5.494933274659243}
{"Losses/train_all_loss": 4.318457435477864}
{"Losses/train_all_loss": 3.5418912687084894}
{"Losses/train_all_loss": 4.645165908065709}
{"Losses/train_all_loss": 2.913772851228714}
{"Losses/train_all_loss": 3.5058494914661753}
{"Losses/train_all_loss": 2.265846000476317}
{"Losses/train_all_loss": 2.1508320691910656}
{"Losses/train_all_loss": 3.4419677433642475}
{"Losses/train_all_loss": 2.7719367796724494}
{"Losses/train_all_loss": 4.281838083809072}
{"Losses/train_all_loss": 4.01085458018563}
{"Losses/train_all_loss": 3.834220982410691}
{"Losses/train_all_loss": 3.711831594055349}
{"Losses/train_all_loss": 4.514020795171911}
{"Losses/train_all_loss": 1.965962373397567}
{"Losses/train_all_loss": 15.143665871836923}
{"Losses/train_all_loss": 3.01923050663688}
{"Losses/train_all_loss": 2.566714042967016}
{"Losses/train_all_loss": 3.025394171476364}
{"Losses/train_all_loss": 5.137000765312802}
{"Losses/train_all_loss": 4.85832574150779}
{"Losses/train_all_loss": 2.0285406586798755}
{"Losses/train_all_loss": 2.1423963714729655}
{"Losses/train_all_loss": 3.0955118347298014}
{"Losses/train_all_loss": 3.9309677590023386}
{"Losses/train_all_loss": 3.37041136757894}
{"Losses/train_all_loss": 2.0468614968386563}
{"Losses/train_all_loss": 1.187559954144738}
{"Losses/train_all_loss": 3.40939180011099}
{"Losses/train_all_loss": 3.2225263945081015}
{"Losses/train_all_loss": 2.226018951697783}
{"Losses/train_all_loss": 2.610770984129472}
{"Losses/train_all_loss": 2.710912959142165}
{"Losses/train_all_loss": 1.7372115525332363}
{"Losses/train_all_loss": 3.6158945086327465}
{"Losses/train_all_loss": 3.0176840966398064}
{"Losses/train_all_loss": 1.3626541806892916}
{"Losses/train_all_loss": 4.134075223044916}
{"Losses/train_all_loss": 4.661246195435524}
{"Losses/train_all_loss": 1.4772754186256365}
{"Losses/train_all_loss": 4.499336420135065}
{"Losses/train_all_loss": 2.0325219400904397}
{"Losses/train_all_loss": 2.7762161059813066}
{"Losses/train_all_loss": 1.7549438192085787}
{"Losses/train_all_loss": 2.5773711624470623}
{"Losses/train_all_loss": 2.299272148446603}
{"Losses/train_all_loss": 6.335626656358892}
{"Losses/train_all_loss": 3.993269432674755}
{"Losses/train_all_loss": 2.296770002354275}
{"Losses/train_all_loss": 3.4474154710769653}
{"Losses/train_all_loss": 13.230684843930332}
{"Losses/train_all_loss": 2.5911343544721603}
{"Losses/train_all_loss": 2.4625254314054144}
{"Losses/train_all_loss": 2.473527830432762}
{"Losses/train_all_loss": 2.523076829585162}
{"Losses/train_all_loss": 3.2727816985412077}
{"Losses/train_all_loss": 2.593545201149854}
{"Losses/train_all_loss": 2.353826341303912}
{"Losses/train_all_loss": 2.0990045856345785}
{"Losses/train_all_loss": 3.140241028233008}
{"Losses/train_all_loss": 2.0184223678979007}
{"Losses/train_all_loss": 2.1177914440631866}
{"Losses/train_all_loss": 2.1909993196075614}
{"Losses/train_all_loss": 2.528330493379723}
{"Losses/train_all_loss": 3.3000856177373366}
{"Losses/train_all_loss": 2.9621536338871177}
{"Losses/train_all_loss": 1.6666641384363174}
{"Losses/train_all_loss": 2.2292412519454956}
{"Losses/train_all_loss": 2.175796377387914}
{"Losses/train_all_loss": 1.9118332659656352}
{"Losses/train_all_loss": 1.6966042268005284}
{"Losses/train_all_loss": 3.0813903429291467}
{"Losses/train_all_loss": 1.2626758840951053}
