{"Losses/train_all_loss": 4.391197456554933}
{"Losses/train_all_loss": 5.839956215836785}
{"Losses/train_all_loss": 5.116139795292508}
{"Losses/train_all_loss": 3.742548893798481}
{"Losses/train_all_loss": 4.508617161349817}
{"Losses/train_all_loss": 3.7842225405302914}
{"Losses/train_all_loss": 2.848003460602327}
{"Losses/train_all_loss": 2.901386248794469}
{"Losses/train_all_loss": 2.4689209312200546}
{"Losses/train_all_loss": 4.426066026091576}
{"Losses/train_all_loss": 3.822181549939242}
{"Losses/train_all_loss": 4.070824555375359}
{"Losses/train_all_loss": 3.481340990825133}
{"Losses/train_all_loss": 3.5251646543090995}
{"Losses/train_all_loss": 3.0221474685452203}
{"Losses/train_all_loss": 3.7065470083193346}
{"Losses/train_all_loss": 2.505444174463099}
{"Losses/train_all_loss": 3.695725606246428}
{"Losses/train_all_loss": 3.3973853344267066}
{"Losses/train_all_loss": 2.9335056475617667}
{"Losses/train_all_loss": 3.292033689943227}
{"Losses/train_all_loss": 11.781525523825126}
{"Losses/train_all_loss": 5.395745532079176}
{"Losses/train_all_loss": 3.42158336260102}
{"Losses/train_all_loss": 2.612644813277505}
{"Losses/train_all_loss": 2.6775076633149926}
{"Losses/train_all_loss": 4.573855397376147}
{"Losses/train_all_loss": 2.536719640547579}
{"Losses/train_all_loss": 2.5112428841265766}
{"Losses/train_all_loss": 1.3497944934801622}
{"Losses/train_all_loss": 5.003493135625666}
{"Losses/train_all_loss": 4.423846698620102}
{"Losses/train_all_loss": 1.5771090801466594}
{"Losses/train_all_loss": 2.0551241378892553}
{"Losses/train_all_loss": 2.894962652163072}
{"Losses/train_all_loss": 2.5308426916599274}
{"Losses/train_all_loss": 2.930180552330884}
{"Losses/train_all_loss": 2.259499753063375}
{"Losses/train_all_loss": 1.1675709770484404}
{"Losses/train_all_loss": 23.760123550891876}
{"Losses/train_all_loss": 3.8555637923153965}
{"Losses/train_all_loss": 1.3028337210416794}
{"Losses/train_all_loss": 3.854899284514514}
{"Losses/train_all_loss": 2.400925628163598}
{"Losses/train_all_loss": 2.2350481233813544}
{"Losses/train_all_loss": 2.274352325634523}
{"Losses/train_all_loss": 2.053332557732409}
{"Losses/train_all_loss": 2.2588709890842438}
{"Losses/train_all_loss": 3.137848446314985}
{"Losses/train_all_loss": 2.9839936142618004}
{"Losses/train_all_loss": 1.681103753772649}
{"Losses/train_all_loss": 3.634324989535592}
{"Losses/train_all_loss": 2.8112393644723026}
{"Losses/train_all_loss": 2.668604952367869}
{"Losses/train_all_loss": 2.1823794448917564}
{"Losses/train_all_loss": 2.009216691959988}
{"Losses/train_all_loss": 2.2984696084802803}
{"Losses/train_all_loss": 2.7304703945463356}
{"Losses/train_all_loss": 3.279790821400556}
{"Losses/train_all_loss": 2.1177444634112446}
{"Losses/train_all_loss": 2.019225602800196}
{"Losses/train_all_loss": 2.366633966565132}
{"Losses/train_all_loss": 2.7554368661208586}
{"Losses/train_all_loss": 2.2688558494502846}
{"Losses/train_all_loss": 2.3454488719051536}
{"Losses/train_all_loss": 2.7060069306330248}
{"Losses/train_all_loss": 2.4695734056559475}
{"Losses/train_all_loss": 2.344909276474606}
{"Losses/train_all_loss": 1.0896557068282908}
{"Losses/train_all_loss": 1.813892175528136}
{"Losses/train_all_loss": 2.218872366981073}
{"Losses/train_all_loss": 2.8744796230034395}
{"Losses/train_all_loss": 1.8093886077404022}
{"Losses/train_all_loss": 2.750734743746844}
{"Losses/train_all_loss": 2.1616986258463426}
