{"Losses/train_all_loss": 56.40691204504533}
{"Losses/train_all_loss": 4.656704414974559}
{"Losses/train_all_loss": 4.119005913084203}
{"Losses/train_all_loss": 2.6232148679819973}
{"Losses/train_all_loss": 4.340557940981605}
{"Losses/train_all_loss": 3.661174400286241}
{"Losses/train_all_loss": 5.518426708199761}
{"Losses/train_all_loss": 1.5197226025841453}
{"Losses/train_all_loss": 3.163544241677631}
{"Losses/train_all_loss": 4.3003799563104455}
{"Losses/train_all_loss": 2.7593224834312093}
{"Losses/train_all_loss": 5.184149221940474}
{"Losses/train_all_loss": 3.1873065402561966}
{"Losses/train_all_loss": 10.677025305953892}
{"Losses/train_all_loss": 3.2376644015312195}
{"Losses/train_all_loss": 4.8565055741505185}
{"Losses/train_all_loss": 1.8184863464398817}
{"Losses/train_all_loss": 4.590156070210717}
{"Losses/train_all_loss": 3.2364032864570618}
{"Losses/train_all_loss": 3.65937477350235}
{"Losses/train_all_loss": 2.8235026625069706}
{"Losses/train_all_loss": 3.2898352484811437}
{"Losses/train_all_loss": 4.516962948170575}
{"Losses/train_all_loss": 1.9221352338790894}
{"Losses/train_all_loss": 2.1419207643378866}
{"Losses/train_all_loss": 3.1515249366110023}
{"Losses/train_all_loss": 7.7205934145233845}
{"Losses/train_all_loss": 3.1004128632220356}
{"Losses/train_all_loss": 2.1022081429308113}
{"Losses/train_all_loss": 1.5438082705844531}
{"Losses/train_all_loss": 2.637012010270899}
{"Losses/train_all_loss": 3.533738607710058}
{"Losses/train_all_loss": 6.991026512601159}
{"Losses/train_all_loss": 2.8760088980197906}
{"Losses/train_all_loss": 3.030477372082797}
{"Losses/train_all_loss": 1.852852005850185}
{"Losses/train_all_loss": 3.8413679653948005}
{"Losses/train_all_loss": 2.5191757164218207}
{"Losses/train_all_loss": 1.36768858067014}
{"Losses/train_all_loss": 5.532912896438078}
{"Losses/train_all_loss": 13.776677137071436}
{"Losses/train_all_loss": 1.8406174643473192}
{"Losses/train_all_loss": 4.011562023650516}
{"Losses/train_all_loss": 1.6518661610104821}
{"Losses/train_all_loss": 3.3761448805982415}
{"Losses/train_all_loss": 23.89644279940562}
{"Losses/train_all_loss": 2.438310677354986}
{"Losses/train_all_loss": 2.6127485267140647}
{"Losses/train_all_loss": 2.9274679964238945}
{"Losses/train_all_loss": 2.7139782675287942}
{"Losses/train_all_loss": 3.8053533651612024}
{"Losses/train_all_loss": 3.5967164608565243}
{"Losses/train_all_loss": 3.430755615234375}
{"Losses/train_all_loss": 3.3575416193767027}
{"Losses/train_all_loss": 2.766061156988144}
{"Losses/train_all_loss": 1.770578216422688}
{"Losses/train_all_loss": 2.7729869295250285}
{"Losses/train_all_loss": 3.7397619621320204}
{"Losses/train_all_loss": 3.096197259697047}
{"Losses/train_all_loss": 2.6241740503094415}
{"Losses/train_all_loss": 2.2337409618564625}
{"Losses/train_all_loss": 13.047390321438963}
{"Losses/train_all_loss": 3.247882404110648}
{"Losses/train_all_loss": 2.1571953066370706}
{"Losses/train_all_loss": 11.726636626503684}
{"Losses/train_all_loss": 2.7375850277868183}
{"Losses/train_all_loss": 3.6385225680741398}
{"Losses/train_all_loss": 11.835422884334218}
{"Losses/train_all_loss": 10.952078583565624}
{"Losses/train_all_loss": 1.7104663117365404}
{"Losses/train_all_loss": 2.206177906556563}
{"Losses/train_all_loss": 3.3259221775965258}
{"Losses/train_all_loss": 1.977155791087584}
{"Losses/train_all_loss": 4.393757299943403}
{"Losses/train_all_loss": 1.7791471860625527}
