{"Losses/train_all_loss": 2.8456446826457977}
{"Losses/train_all_loss": 3.7107241587205366}
{"Losses/train_all_loss": 4.178196535869078}
{"Losses/train_all_loss": 3.0804642777551305}
{"Losses/train_all_loss": 3.9532761492512445}
{"Losses/train_all_loss": 3.6999686143615027}
{"Losses/train_all_loss": 3.2831535745750773}
{"Losses/train_all_loss": 1.8745073730295354}
{"Losses/train_all_loss": 4.097010585394773}
{"Losses/train_all_loss": 3.7977229248393667}
{"Losses/train_all_loss": 2.0798008252273905}
{"Losses/train_all_loss": 3.818216949701309}
{"Losses/train_all_loss": 4.127537792379206}
{"Losses/train_all_loss": 4.1772434101863345}
{"Losses/train_all_loss": 3.0566578873179178}
{"Losses/train_all_loss": 3.8063499846241693}
{"Losses/train_all_loss": 1.493644199588082}
{"Losses/train_all_loss": 3.7875285771760074}
{"Losses/train_all_loss": 4.23306466774507}
{"Losses/train_all_loss": 3.279325531287627}
{"Losses/train_all_loss": 2.4632605097510596}
{"Losses/train_all_loss": 10.262430354952812}
{"Losses/train_all_loss": 5.516020392829722}
{"Losses/train_all_loss": 2.449030962857333}
{"Losses/train_all_loss": 2.1913617063652384}
{"Losses/train_all_loss": 2.804824510758573}
{"Losses/train_all_loss": 4.23348465832797}
{"Losses/train_all_loss": 3.0536208518526773}
{"Losses/train_all_loss": 2.438146274198185}
{"Losses/train_all_loss": 1.134982244534926}
{"Losses/train_all_loss": 2.522885661233555}
{"Losses/train_all_loss": 3.698519388383085}
{"Losses/train_all_loss": 1.6774477010423487}
{"Losses/train_all_loss": 2.0863741771741346}
{"Losses/train_all_loss": 2.4823634787039324}
{"Losses/train_all_loss": 1.9426085190339522}
{"Losses/train_all_loss": 3.6364176219159905}
{"Losses/train_all_loss": 2.4230436899445276}
{"Losses/train_all_loss": 1.1852894452485172}
{"Losses/train_all_loss": 4.333757563070818}
{"Losses/train_all_loss": 3.8094268387014214}
{"Losses/train_all_loss": 1.6871642301028424}
{"Losses/train_all_loss": 3.5160410431298343}
{"Losses/train_all_loss": 2.231275650587949}
{"Losses/train_all_loss": 3.5710188150405884}
{"Losses/train_all_loss": 1.40370283072645}
{"Losses/train_all_loss": 2.1378084502436896}
{"Losses/train_all_loss": 2.993819557807662}
{"Losses/train_all_loss": 8.5597754500129}
{"Losses/train_all_loss": 2.6565413881431925}
{"Losses/train_all_loss": 2.3049475598064335}
{"Losses/train_all_loss": 3.404846814545718}
{"Losses/train_all_loss": 3.9278453669764777}
{"Losses/train_all_loss": 2.669791527769782}
{"Losses/train_all_loss": 2.3601880805058912}
{"Losses/train_all_loss": 1.7545770054513758}
{"Losses/train_all_loss": 3.019129893996499}
{"Losses/train_all_loss": 2.427508908239278}
{"Losses/train_all_loss": 2.9083260839635674}
{"Losses/train_all_loss": 2.8110515583645213}
{"Losses/train_all_loss": 2.6946885788982566}
{"Losses/train_all_loss": 2.2802094126289543}
{"Losses/train_all_loss": 3.089102644811977}
{"Losses/train_all_loss": 1.7579855133186688}
{"Losses/train_all_loss": 1.7690774310718884}
{"Losses/train_all_loss": 2.6284273104234175}
{"Losses/train_all_loss": 2.8759324875744907}
{"Losses/train_all_loss": 2.784487335519357}
{"Losses/train_all_loss": 1.2002770548517054}
{"Losses/train_all_loss": 3.077083628286015}
{"Losses/train_all_loss": 2.0707849020307716}
{"Losses/train_all_loss": 4.162544533610344}
{"Losses/train_all_loss": 2.0609473315152256}
{"Losses/train_all_loss": 2.831909103827043}
{"Losses/train_all_loss": 1.9012733027338982}
