{"Losses/train_all_loss": 4.274102853103117}
{"Losses/train_all_loss": 4.544967551123012}
{"Losses/train_all_loss": 4.811239479617639}
{"Losses/train_all_loss": 2.9364736432378944}
{"Losses/train_all_loss": 4.597624949433587}
{"Losses/train_all_loss": 4.291561934080991}
{"Losses/train_all_loss": 3.571796005422419}
{"Losses/train_all_loss": 3.9631079963662406}
{"Losses/train_all_loss": 2.9380293027921156}
{"Losses/train_all_loss": 3.6689146161079407}
{"Losses/train_all_loss": 3.322913413698023}
{"Losses/train_all_loss": 4.406775935129686}
{"Losses/train_all_loss": 4.206647192889994}
{"Losses/train_all_loss": 3.7380406937815924}
{"Losses/train_all_loss": 2.968423816290769}
{"Losses/train_all_loss": 3.9966627007180993}
{"Losses/train_all_loss": 2.283824935555458}
{"Losses/train_all_loss": 5.2598198408430274}
{"Losses/train_all_loss": 3.0601686212149533}
{"Losses/train_all_loss": 4.174574342640963}
{"Losses/train_all_loss": 3.024347188797864}
{"Losses/train_all_loss": 2.8469151759689506}
{"Losses/train_all_loss": 4.060588798739693}
{"Losses/train_all_loss": 2.0951743207194586}
{"Losses/train_all_loss": 3.309796641496095}
{"Losses/train_all_loss": 3.1698491979729044}
{"Losses/train_all_loss": 10.000196034258062}
{"Losses/train_all_loss": 3.0003051595254377}
{"Losses/train_all_loss": 2.2792291112921457}
{"Losses/train_all_loss": 2.2633880972862244}
{"Losses/train_all_loss": 2.9296870123256338}
{"Losses/train_all_loss": 3.26315654407848}
{"Losses/train_all_loss": 1.9574476168914274}
{"Losses/train_all_loss": 2.568656412037936}
{"Losses/train_all_loss": 3.6935952956026252}
{"Losses/train_all_loss": 2.2563917393034156}
{"Losses/train_all_loss": 3.2613896185701545}
{"Losses/train_all_loss": 2.790025320920077}
{"Losses/train_all_loss": 1.084337292747064}
{"Losses/train_all_loss": 4.424820859323848}
{"Losses/train_all_loss": 4.017204112627289}
{"Losses/train_all_loss": 1.6935223909941586}
{"Losses/train_all_loss": 4.478825802152807}
{"Losses/train_all_loss": 2.501951030709527}
{"Losses/train_all_loss": 3.330957380208102}
{"Losses/train_all_loss": 1.4058577174490148}
{"Losses/train_all_loss": 2.9379691738973963}
{"Losses/train_all_loss": 1.8869314261458137}
{"Losses/train_all_loss": 5.692164272069931}
{"Losses/train_all_loss": 2.713524640961127}
{"Losses/train_all_loss": 2.684718896042217}
{"Losses/train_all_loss": 2.8566851209510458}
{"Losses/train_all_loss": 2.4466318813237278}
{"Losses/train_all_loss": 3.6459282880479638}
{"Losses/train_all_loss": 2.544785838235508}
{"Losses/train_all_loss": 2.3346740908243437}
{"Losses/train_all_loss": 2.980721564455466}
{"Losses/train_all_loss": 2.6805809952995996}
{"Losses/train_all_loss": 2.9194851300933142}
{"Losses/train_all_loss": 2.8201984627680345}
{"Losses/train_all_loss": 1.9719862937927246}
{"Losses/train_all_loss": 4.944375936280597}
{"Losses/train_all_loss": 3.3641313300891356}
{"Losses/train_all_loss": 2.421171089464968}
{"Losses/train_all_loss": 3.043481222607873}
{"Losses/train_all_loss": 2.0577363337982786}
{"Losses/train_all_loss": 3.4684942933646115}
{"Losses/train_all_loss": 2.757762972604145}
{"Losses/train_all_loss": 1.2214283938942985}
{"Losses/train_all_loss": 1.5302781909704208}
{"Losses/train_all_loss": 2.6063445725224237}
{"Losses/train_all_loss": 2.5707594589753584}
{"Losses/train_all_loss": 6.754435736347329}
{"Losses/train_all_loss": 2.9429062523625116}
{"Losses/train_all_loss": 2.5899825529618696}
