{"Losses/train_all_loss": 8.551580001007427}
{"Losses/train_all_loss": 6.744419967586344}
{"Losses/train_all_loss": 7.217583060264587}
{"Losses/train_all_loss": 4.720952464775606}
{"Losses/train_all_loss": 6.113134124062278}
{"Losses/train_all_loss": 5.633583464405754}
{"Losses/train_all_loss": 7.426770784638145}
{"Losses/train_all_loss": 3.7525796619328586}
{"Losses/train_all_loss": 4.005645307627591}
{"Losses/train_all_loss": 7.094081401824951}
{"Losses/train_all_loss": 4.872577621178194}
{"Losses/train_all_loss": 7.061854871836576}
{"Losses/train_all_loss": 6.007992858236486}
{"Losses/train_all_loss": 5.834856060418216}
{"Losses/train_all_loss": 5.190709672190926}
{"Losses/train_all_loss": 7.1516828536987305}
{"Losses/train_all_loss": 3.1667951941490173}
{"Losses/train_all_loss": 24.870626633817498}
{"Losses/train_all_loss": 5.525185872207988}
{"Losses/train_all_loss": 4.223124262961474}
{"Losses/train_all_loss": 5.2225806631825185}
{"Losses/train_all_loss": 7.594660925594243}
{"Losses/train_all_loss": 6.759845619851893}
{"Losses/train_all_loss": 3.3341562070629815}
{"Losses/train_all_loss": 3.250584737821059}
{"Losses/train_all_loss": 4.947198916565288}
{"Losses/train_all_loss": 6.663905588063327}
{"Losses/train_all_loss": 6.092587391083891}
{"Losses/train_all_loss": 3.1730416958982293}
{"Losses/train_all_loss": 2.1116525910117407}
{"Losses/train_all_loss": 4.917236327278343}
{"Losses/train_all_loss": 5.154636236754331}
{"Losses/train_all_loss": 3.8572641015052795}
{"Losses/train_all_loss": 4.40123625235124}
{"Losses/train_all_loss": 4.234789534048601}
{"Losses/train_all_loss": 3.767340741374276}
{"Losses/train_all_loss": 6.921997506510127}
{"Losses/train_all_loss": 5.27430120381442}
{"Losses/train_all_loss": 2.8083294386213478}
{"Losses/train_all_loss": 7.068635951388966}
{"Losses/train_all_loss": 7.758877632292834}
{"Losses/train_all_loss": 2.354342645542188}
{"Losses/train_all_loss": 7.5238797136328435}
{"Losses/train_all_loss": 3.1961058134382423}
{"Losses/train_all_loss": 4.475341818549416}
{"Losses/train_all_loss": 3.374891075220975}
{"Losses/train_all_loss": 4.4719150770794265}
{"Losses/train_all_loss": 3.4424586187709463}
{"Losses/train_all_loss": 9.939190024679357}
{"Losses/train_all_loss": 5.524747723882848}
{"Losses/train_all_loss": 4.613823541186073}
{"Losses/train_all_loss": 6.248155902732503}
{"Losses/train_all_loss": 20.891347822817888}
{"Losses/train_all_loss": 4.814237377860329}
{"Losses/train_all_loss": 4.346782993186604}
{"Losses/train_all_loss": 4.4039137620817534}
{"Losses/train_all_loss": 4.687450538982045}
{"Losses/train_all_loss": 5.0949458886276595}
{"Losses/train_all_loss": 4.096179750832644}
{"Losses/train_all_loss": 4.140926832502538}
{"Losses/train_all_loss": 3.621790549971841}
{"Losses/train_all_loss": 4.541207039898092}
{"Losses/train_all_loss": 3.3903206329454076}
{"Losses/train_all_loss": 3.662470416589217}
{"Losses/train_all_loss": 3.823060528798537}
{"Losses/train_all_loss": 4.203232511878014}
{"Losses/train_all_loss": 5.05848857218569}
{"Losses/train_all_loss": 4.238733963532881}
{"Losses/train_all_loss": 2.4257897599176927}
{"Losses/train_all_loss": 3.8280797980048438}
{"Losses/train_all_loss": 3.468655691905455}
{"Losses/train_all_loss": 2.9844920174642042}
{"Losses/train_all_loss": 2.8514747335152193}
{"Losses/train_all_loss": 4.903288307515058}
{"Losses/train_all_loss": 2.276081971146844}
