{"Losses/train_all_loss": 4.07771439353625}
{"Losses/train_all_loss": 3.2657761722803116}
{"Losses/train_all_loss": 6.467164034644763}
{"Losses/train_all_loss": 2.424995186428229}
{"Losses/train_all_loss": 4.505047298967838}
{"Losses/train_all_loss": 1.721239186823368}
{"Losses/train_all_loss": 3.4663862685362496}
{"Losses/train_all_loss": 4.996158371369044}
{"Losses/train_all_loss": 9.008704112221798}
{"Losses/train_all_loss": 3.3710583274563155}
{"Losses/train_all_loss": 5.192822352051735}
{"Losses/train_all_loss": 4.707757035891215}
{"Losses/train_all_loss": 3.2708759109179177}
{"Losses/train_all_loss": 1.7318498715758324}
{"Losses/train_all_loss": 3.3911152755220733}
{"Losses/train_all_loss": 3.832524836063385}
{"Losses/train_all_loss": 4.953674008448918}
{"Losses/train_all_loss": 3.7357282005250454}
{"Losses/train_all_loss": 2.586474227408568}
{"Losses/train_all_loss": 3.621913223216931}
{"Losses/train_all_loss": 3.9052177319924035}
{"Losses/train_all_loss": 3.278393546740214}
{"Losses/train_all_loss": 3.0208818912506104}
{"Losses/train_all_loss": 2.6008167242010436}
{"Losses/train_all_loss": 3.1243639141321182}
{"Losses/train_all_loss": 11.594665418068567}
{"Losses/train_all_loss": 2.561453178524971}
{"Losses/train_all_loss": 1.8835318684577942}
{"Losses/train_all_loss": 3.1832166661818824}
{"Losses/train_all_loss": 4.2664503281315165}
{"Losses/train_all_loss": 4.506765191753705}
{"Losses/train_all_loss": 1.9941121997932594}
{"Losses/train_all_loss": 3.2063741025825343}
{"Losses/train_all_loss": 3.267933525145054}
{"Losses/train_all_loss": 3.0757173374295235}
{"Losses/train_all_loss": 12.166449683407942}
{"Losses/train_all_loss": 4.387179896235466}
{"Losses/train_all_loss": 2.2506216367085776}
{"Losses/train_all_loss": 3.4179153479635715}
{"Losses/train_all_loss": 2.5033730193972588}
{"Losses/train_all_loss": 3.1793954459329448}
{"Losses/train_all_loss": 2.2261074433724084}
{"Losses/train_all_loss": 1.9108519380291302}
{"Losses/train_all_loss": 1.625992299367984}
{"Losses/train_all_loss": 3.5435844932993255}
{"Losses/train_all_loss": 3.126671701669693}
{"Losses/train_all_loss": 3.1297625862061977}
{"Losses/train_all_loss": 3.117411717772484}
{"Losses/train_all_loss": 5.407675082484881}
{"Losses/train_all_loss": 3.2294379149874053}
{"Losses/train_all_loss": 3.700262432297071}
{"Losses/train_all_loss": 2.6567140482366085}
{"Losses/train_all_loss": 2.553309805691242}
{"Losses/train_all_loss": 2.952220179140568}
{"Losses/train_all_loss": 1.9407784392436345}
{"Losses/train_all_loss": 2.293913925687472}
{"Losses/train_all_loss": 3.936406341691812}
{"Losses/train_all_loss": 6.490847229957581}
{"Losses/train_all_loss": 2.694019484023253}
{"Losses/train_all_loss": 2.716597714771827}
{"Losses/train_all_loss": 2.4637472008665404}
{"Losses/train_all_loss": 2.8262141222755113}
{"Losses/train_all_loss": 2.825089310606321}
{"Losses/train_all_loss": 2.149305713673433}
{"Losses/train_all_loss": 5.572862844914198}
{"Losses/train_all_loss": 5.648290830353896}
{"Losses/train_all_loss": 1.7860331783692043}
{"Losses/train_all_loss": 3.671368365486463}
{"Losses/train_all_loss": 2.3613478429615498}
{"Losses/train_all_loss": 3.0603226174910865}
{"Losses/train_all_loss": 3.636952169239521}
{"Losses/train_all_loss": 2.375172112757961}
{"Losses/train_all_loss": 2.8152656443417072}
{"Losses/train_all_loss": 3.996853083372116}
{"Losses/train_all_loss": 2.2449227770169577}
