{"Trainer/where": 0.008888888888888889, "Trainer/epoch": 0, "Trainer/steps_train": 3}
{"Trainer/where": 0.02222222222222222, "Trainer/epoch": 1, "Trainer/steps_train": 6}
{"Trainer/where": 0.035555555555555556, "Trainer/epoch": 2, "Trainer/steps_train": 9}
{"Trainer/where": 0.048888888888888885, "Trainer/epoch": 3, "Trainer/steps_train": 12}
{"Trainer/where": 0.06222222222222223, "Trainer/epoch": 4, "Trainer/steps_train": 15}
{"Trainer/where": 0.07555555555555556, "Trainer/epoch": 5, "Trainer/steps_train": 18}
{"Trainer/where": 0.08888888888888889, "Trainer/epoch": 6, "Trainer/steps_train": 21}
{"Trainer/where": 0.10222222222222223, "Trainer/epoch": 7, "Trainer/steps_train": 24}
{"Trainer/where": 0.11555555555555555, "Trainer/epoch": 8, "Trainer/steps_train": 27}
{"Trainer/where": 0.1288888888888889, "Trainer/epoch": 9, "Trainer/steps_train": 30}
{"Trainer/where": 0.14222222222222222, "Trainer/epoch": 10, "Trainer/steps_train": 33}
{"Trainer/where": 0.15555555555555556, "Trainer/epoch": 11, "Trainer/steps_train": 36}
{"Trainer/where": 0.1688888888888889, "Trainer/epoch": 12, "Trainer/steps_train": 39}
{"Trainer/where": 0.1822222222222222, "Trainer/epoch": 13, "Trainer/steps_train": 42}
{"Trainer/where": 0.19555555555555554, "Trainer/epoch": 14, "Trainer/steps_train": 45}
{"Trainer/where": 0.20888888888888887, "Trainer/epoch": 15, "Trainer/steps_train": 48}
{"Trainer/where": 0.22222222222222224, "Trainer/epoch": 16, "Trainer/steps_train": 51}
{"Trainer/where": 0.23555555555555557, "Trainer/epoch": 17, "Trainer/steps_train": 54}
{"Trainer/where": 0.2488888888888889, "Trainer/epoch": 18, "Trainer/steps_train": 57}
{"Trainer/where": 0.26222222222222225, "Trainer/epoch": 19, "Trainer/steps_train": 60}
{"Trainer/where": 0.27555555555555555, "Trainer/epoch": 20, "Trainer/steps_train": 63}
{"Trainer/where": 0.2888888888888889, "Trainer/epoch": 21, "Trainer/steps_train": 66}
{"Trainer/where": 0.3022222222222222, "Trainer/epoch": 22, "Trainer/steps_train": 69}
{"Trainer/where": 0.3155555555555556, "Trainer/epoch": 23, "Trainer/steps_train": 72}
{"Trainer/where": 0.3288888888888889, "Trainer/epoch": 24, "Trainer/steps_train": 75}
{"Trainer/where": 0.34222222222222226, "Trainer/epoch": 25, "Trainer/steps_train": 78}
{"Trainer/where": 0.35555555555555557, "Trainer/epoch": 26, "Trainer/steps_train": 81}
{"Trainer/where": 0.3688888888888889, "Trainer/epoch": 27, "Trainer/steps_train": 84}
{"Trainer/where": 0.38222222222222224, "Trainer/epoch": 28, "Trainer/steps_train": 87}
{"Trainer/where": 0.39555555555555555, "Trainer/epoch": 29, "Trainer/steps_train": 90}
{"Trainer/where": 0.4088888888888889, "Trainer/epoch": 30, "Trainer/steps_train": 93}
{"Trainer/where": 0.4222222222222222, "Trainer/epoch": 31, "Trainer/steps_train": 96}
{"Trainer/where": 0.43555555555555553, "Trainer/epoch": 32, "Trainer/steps_train": 99}
{"Trainer/where": 0.44888888888888884, "Trainer/epoch": 33, "Trainer/steps_train": 102}
{"Trainer/where": 0.4622222222222222, "Trainer/epoch": 34, "Trainer/steps_train": 105}
{"Trainer/where": 0.4755555555555555, "Trainer/epoch": 35, "Trainer/steps_train": 108}
{"Trainer/where": 0.4888888888888889, "Trainer/epoch": 36, "Trainer/steps_train": 111}
{"Trainer/where": 0.5022222222222222, "Trainer/epoch": 37, "Trainer/steps_train": 114}
{"Trainer/where": 0.5155555555555555, "Trainer/epoch": 38, "Trainer/steps_train": 117}
{"Trainer/where": 0.5288888888888889, "Trainer/epoch": 39, "Trainer/steps_train": 120}
{"Trainer/where": 0.5422222222222222, "Trainer/epoch": 40, "Trainer/steps_train": 123}
{"Trainer/where": 0.5555555555555555, "Trainer/epoch": 41, "Trainer/steps_train": 126}
{"Trainer/where": 0.5688888888888889, "Trainer/epoch": 42, "Trainer/steps_train": 129}
{"Trainer/where": 0.5822222222222222, "Trainer/epoch": 43, "Trainer/steps_train": 132}
{"Trainer/where": 0.5955555555555555, "Trainer/epoch": 44, "Trainer/steps_train": 135}
{"Trainer/where": 0.6088888888888888, "Trainer/epoch": 45, "Trainer/steps_train": 138}
{"Trainer/where": 0.6222222222222222, "Trainer/epoch": 46, "Trainer/steps_train": 141}
{"Trainer/where": 0.6355555555555555, "Trainer/epoch": 47, "Trainer/steps_train": 144}
{"Trainer/where": 0.6488888888888888, "Trainer/epoch": 48, "Trainer/steps_train": 147}
{"Trainer/where": 0.6622222222222222, "Trainer/epoch": 49, "Trainer/steps_train": 150}
{"Trainer/where": 0.6755555555555556, "Trainer/epoch": 50, "Trainer/steps_train": 153}
{"Trainer/where": 0.6888888888888889, "Trainer/epoch": 51, "Trainer/steps_train": 156}
{"Trainer/where": 0.7022222222222222, "Trainer/epoch": 52, "Trainer/steps_train": 159}
{"Trainer/where": 0.7155555555555555, "Trainer/epoch": 53, "Trainer/steps_train": 162}
{"Trainer/where": 0.7288888888888888, "Trainer/epoch": 54, "Trainer/steps_train": 165}
{"Trainer/where": 0.7422222222222222, "Trainer/epoch": 55, "Trainer/steps_train": 168}
{"Trainer/where": 0.7555555555555555, "Trainer/epoch": 56, "Trainer/steps_train": 171}
{"Trainer/where": 0.7688888888888888, "Trainer/epoch": 57, "Trainer/steps_train": 174}
{"Trainer/where": 0.7822222222222222, "Trainer/epoch": 58, "Trainer/steps_train": 177}
{"Trainer/where": 0.7955555555555556, "Trainer/epoch": 59, "Trainer/steps_train": 180}
{"Trainer/where": 0.8088888888888889, "Trainer/epoch": 60, "Trainer/steps_train": 183}
{"Trainer/where": 0.8222222222222222, "Trainer/epoch": 61, "Trainer/steps_train": 186}
{"Trainer/where": 0.8355555555555555, "Trainer/epoch": 62, "Trainer/steps_train": 189}
{"Trainer/where": 0.8488888888888888, "Trainer/epoch": 63, "Trainer/steps_train": 192}
{"Trainer/where": 0.8622222222222223, "Trainer/epoch": 64, "Trainer/steps_train": 195}
{"Trainer/where": 0.8755555555555556, "Trainer/epoch": 65, "Trainer/steps_train": 198}
{"Trainer/where": 0.888888888888889, "Trainer/epoch": 66, "Trainer/steps_train": 201}
{"Trainer/where": 0.9022222222222223, "Trainer/epoch": 67, "Trainer/steps_train": 204}
{"Trainer/where": 0.9155555555555556, "Trainer/epoch": 68, "Trainer/steps_train": 207}
{"Trainer/where": 0.928888888888889, "Trainer/epoch": 69, "Trainer/steps_train": 210}
{"Trainer/where": 0.9422222222222223, "Trainer/epoch": 70, "Trainer/steps_train": 213}
{"Trainer/where": 0.9555555555555556, "Trainer/epoch": 71, "Trainer/steps_train": 216}
{"Trainer/where": 0.9688888888888889, "Trainer/epoch": 72, "Trainer/steps_train": 219}
{"Trainer/where": 0.9822222222222223, "Trainer/epoch": 73, "Trainer/steps_train": 222}
{"Trainer/where": 0.9955555555555556, "Trainer/epoch": 74, "Trainer/steps_train": 225}
