{"Losses/train_all_loss": 5.333729863166809}
{"Losses/train_all_loss": 2.516693731149038}
{"Losses/train_all_loss": 5.261569182078044}
{"Losses/train_all_loss": 7.5710583329200745}
{"Losses/train_all_loss": 1.4187088310718536}
{"Losses/train_all_loss": 5.35412855943044}
{"Losses/train_all_loss": 3.6978780229886374}
{"Losses/train_all_loss": 4.571735322475433}
{"Losses/train_all_loss": 4.932757327953975}
{"Losses/train_all_loss": 9.016434033711752}
{"Losses/train_all_loss": 2.3851351737976074}
{"Losses/train_all_loss": 2.391150246063868}
{"Losses/train_all_loss": 8.512835135062536}
{"Losses/train_all_loss": 0.2823883146047592}
{"Losses/train_all_loss": 0.39101070165634155}
{"Losses/train_all_loss": 2.7968158225218454}
{"Losses/train_all_loss": 8.907703151305517}
{"Losses/train_all_loss": 5.74646532535553}
{"Losses/train_all_loss": 3.0922324458758035}
{"Losses/train_all_loss": 4.334486216306686}
{"Losses/train_all_loss": 0.4811233580112457}
{"Losses/train_all_loss": 2.045093129078547}
{"Losses/train_all_loss": 0.4526965220769246}
{"Losses/train_all_loss": 2.682542304197947}
{"Losses/train_all_loss": 11.649333794911703}
{"Losses/train_all_loss": 2.253349165121714}
{"Losses/train_all_loss": 4.398237983385722}
{"Losses/train_all_loss": 2.3756691018740335}
{"Losses/train_all_loss": 7.210564861694972}
{"Losses/train_all_loss": 3.9237311681111655}
{"Losses/train_all_loss": 3.3142657478650412}
{"Losses/train_all_loss": 1.9621607462565105}
{"Losses/train_all_loss": 0.2818864534298579}
{"Losses/train_all_loss": 5.3448872367541}
{"Losses/train_all_loss": 2.974064310391744}
{"Losses/train_all_loss": 4.977057735125224}
{"Losses/train_all_loss": 3.455641428629557}
{"Losses/train_all_loss": 5.2172112464904785}
{"Losses/train_all_loss": 0.541095515092214}
{"Losses/train_all_loss": 1.9063909550507863}
{"Losses/train_all_loss": 5.802914142608643}
{"Losses/train_all_loss": 2.728756825129191}
{"Losses/train_all_loss": 2.241709808508555}
{"Losses/train_all_loss": 3.6394235293070474}
{"Losses/train_all_loss": 4.621363441149394}
{"Losses/train_all_loss": 9.785971641540527}
{"Losses/train_all_loss": 3.009674002726873}
{"Losses/train_all_loss": 3.35573548078537}
{"Losses/train_all_loss": 1.1419848799705505}
{"Losses/train_all_loss": 5.425613562266032}
{"Losses/train_all_loss": 4.101855963468552}
{"Losses/train_all_loss": 3.2114815513292947}
{"Losses/train_all_loss": 2.577604442834854}
{"Losses/train_all_loss": 3.672685613234838}
{"Losses/train_all_loss": 2.599256773789724}
{"Losses/train_all_loss": 0.551917831103007}
{"Losses/train_all_loss": 3.597041149934133}
{"Losses/train_all_loss": 6.416507164637248}
{"Losses/train_all_loss": 1.7365411669015884}
{"Losses/train_all_loss": 0.5371388991673788}
{"Losses/train_all_loss": 1.76814200480779}
{"Losses/train_all_loss": 1.1596430440743764}
{"Losses/train_all_loss": 7.1989231904347735}
{"Losses/train_all_loss": 4.951716343561809}
{"Losses/train_all_loss": 1.8353237013022106}
{"Losses/train_all_loss": 7.441567500432332}
{"Losses/train_all_loss": 3.0213100910186768}
{"Losses/train_all_loss": 1.7952631413936615}
{"Losses/train_all_loss": 3.0242054065068564}
{"Losses/train_all_loss": 4.42510571082433}
{"Losses/train_all_loss": 0.8640703658262888}
{"Losses/train_all_loss": 9.505297978719076}
{"Losses/train_all_loss": 2.949041942755381}
{"Losses/train_all_loss": 1.2066691517829895}
{"Losses/train_all_loss": 1.0571594089269638}
