{"Losses/train_all_loss": 5.203553917507331}
{"Losses/train_all_loss": 2.314504218598207}
{"Losses/train_all_loss": 3.9596878389517465}
{"Losses/train_all_loss": 2.1949809193611145}
{"Losses/train_all_loss": 3.5857067853212357}
{"Losses/train_all_loss": 1.0108268161614735}
{"Losses/train_all_loss": 4.972438956300418}
{"Losses/train_all_loss": 3.618398247907559}
{"Losses/train_all_loss": 3.0746769731243453}
{"Losses/train_all_loss": 3.3073922991752625}
{"Losses/train_all_loss": 5.8756164610385895}
{"Losses/train_all_loss": 3.799533853928248}
{"Losses/train_all_loss": 3.8728164906303086}
{"Losses/train_all_loss": 2.0312525456150374}
{"Losses/train_all_loss": 3.6033321606616178}
{"Losses/train_all_loss": 12.945813777546087}
{"Losses/train_all_loss": 3.737384761373202}
{"Losses/train_all_loss": 2.891968463857969}
{"Losses/train_all_loss": 2.122514370828867}
{"Losses/train_all_loss": 3.5471458869675794}
{"Losses/train_all_loss": 4.012083190182845}
{"Losses/train_all_loss": 3.0110260943571725}
{"Losses/train_all_loss": 5.370873925586541}
{"Losses/train_all_loss": 3.23728367437919}
{"Losses/train_all_loss": 2.9676239689191184}
{"Losses/train_all_loss": 2.4796188014249005}
{"Losses/train_all_loss": 3.7791765816509724}
{"Losses/train_all_loss": 1.730342576901118}
{"Losses/train_all_loss": 3.38128483047088}
{"Losses/train_all_loss": 3.1596557895342507}
{"Losses/train_all_loss": 3.4398332200944424}
{"Losses/train_all_loss": 2.6024668216705322}
{"Losses/train_all_loss": 2.4707598431656757}
{"Losses/train_all_loss": 3.214736999322971}
{"Losses/train_all_loss": 3.664426265284419}
{"Losses/train_all_loss": 2.549797337502241}
{"Losses/train_all_loss": 4.815149563054244}
{"Losses/train_all_loss": 2.277925735960404}
{"Losses/train_all_loss": 3.6599122087160745}
{"Losses/train_all_loss": 2.9364544662336507}
{"Losses/train_all_loss": 3.5426953062415123}
{"Losses/train_all_loss": 2.522826419522365}
{"Losses/train_all_loss": 2.1756552619238696}
{"Losses/train_all_loss": 2.6470636328061423}
{"Losses/train_all_loss": 4.419138717154662}
{"Losses/train_all_loss": 2.7286185721556344}
{"Losses/train_all_loss": 3.0377611070871353}
{"Losses/train_all_loss": 3.2218555149932704}
{"Losses/train_all_loss": 12.955102179199457}
{"Losses/train_all_loss": 2.493153180927038}
{"Losses/train_all_loss": 2.3871327713131905}
{"Losses/train_all_loss": 2.099659395714601}
{"Losses/train_all_loss": 2.829446814954281}
{"Losses/train_all_loss": 3.0447773995498815}
{"Losses/train_all_loss": 2.452945520480474}
{"Losses/train_all_loss": 2.339885875582695}
{"Losses/train_all_loss": 2.693128816783428}
{"Losses/train_all_loss": 1.6863540224730968}
{"Losses/train_all_loss": 2.975879944860935}
{"Losses/train_all_loss": 2.477181843171517}
{"Losses/train_all_loss": 2.743861903746923}
{"Losses/train_all_loss": 2.2404874563217163}
{"Losses/train_all_loss": 2.4532653130590916}
{"Losses/train_all_loss": 11.434084034214417}
{"Losses/train_all_loss": 1.84356843183438}
{"Losses/train_all_loss": 2.6582043394446373}
{"Losses/train_all_loss": 2.9860617437710366}
{"Losses/train_all_loss": 8.367193138847748}
{"Losses/train_all_loss": 2.534498706459999}
{"Losses/train_all_loss": 2.9872003259758153}
{"Losses/train_all_loss": 2.789418563246727}
{"Losses/train_all_loss": 2.1404543270667395}
{"Losses/train_all_loss": 2.7814362570643425}
{"Losses/train_all_loss": 3.120635816206535}
{"Losses/train_all_loss": 1.7927380949258804}
