{"Losses/train_all_loss": 4.169331753795797}
{"Losses/train_all_loss": 5.496485309167341}
{"Losses/train_all_loss": 4.360275925560431}
{"Losses/train_all_loss": 2.9784997430714695}
{"Losses/train_all_loss": 3.7213163579052146}
{"Losses/train_all_loss": 3.0602755682034926}
{"Losses/train_all_loss": 3.6960520365021448}
{"Losses/train_all_loss": 2.145245137539777}
{"Losses/train_all_loss": 1.892114357514815}
{"Losses/train_all_loss": 5.2449277896772735}
{"Losses/train_all_loss": 2.8066387095234613}
{"Losses/train_all_loss": 5.045109811154279}
{"Losses/train_all_loss": 3.9501335458322004}
{"Losses/train_all_loss": 3.596128371628848}
{"Losses/train_all_loss": 3.8892370381138544}
{"Losses/train_all_loss": 4.0713341317393565}
{"Losses/train_all_loss": 2.321195727044886}
{"Losses/train_all_loss": 15.342473230578683}
{"Losses/train_all_loss": 2.9813038517128336}
{"Losses/train_all_loss": 2.768483243205331}
{"Losses/train_all_loss": 3.0195876332846554}
{"Losses/train_all_loss": 4.3660511333834044}
{"Losses/train_all_loss": 6.076976266774264}
{"Losses/train_all_loss": 2.1673865846612235}
{"Losses/train_all_loss": 1.8396299183368683}
{"Losses/train_all_loss": 2.8480800119313328}
{"Losses/train_all_loss": 4.059866745363582}
{"Losses/train_all_loss": 3.581005198034373}
{"Losses/train_all_loss": 2.1062234233726156}
{"Losses/train_all_loss": 1.1450794704935767}
{"Losses/train_all_loss": 2.7006383050571787}
{"Losses/train_all_loss": 2.920576423406601}
{"Losses/train_all_loss": 2.239715261892839}
{"Losses/train_all_loss": 2.709444755857641}
{"Losses/train_all_loss": 2.663989774205468}
{"Losses/train_all_loss": 1.8952576084570452}
{"Losses/train_all_loss": 3.6994032047011634}
{"Losses/train_all_loss": 3.182662096890536}
{"Losses/train_all_loss": 2.0597572164102034}
{"Losses/train_all_loss": 4.438273921608925}
{"Losses/train_all_loss": 4.5477359985763375}
{"Losses/train_all_loss": 1.9659807356921108}
{"Losses/train_all_loss": 3.9729381149465386}
{"Losses/train_all_loss": 2.0304387177933347}
{"Losses/train_all_loss": 2.8116005835208027}
{"Losses/train_all_loss": 1.976665498180823}
{"Losses/train_all_loss": 2.7786086987365377}
{"Losses/train_all_loss": 1.9919889596375553}
{"Losses/train_all_loss": 6.2086807963523}
{"Losses/train_all_loss": 3.5590880215168}
{"Losses/train_all_loss": 2.521214485168457}
{"Losses/train_all_loss": 3.1561996936798096}
{"Losses/train_all_loss": 13.066473744132303}
{"Losses/train_all_loss": 2.7112297009338033}
{"Losses/train_all_loss": 2.520837187767029}
{"Losses/train_all_loss": 2.8982882580973883}
{"Losses/train_all_loss": 2.483556666157462}
{"Losses/train_all_loss": 3.1890781833366915}
{"Losses/train_all_loss": 2.397056059403853}
{"Losses/train_all_loss": 2.305527995933186}
{"Losses/train_all_loss": 2.131371349096298}
{"Losses/train_all_loss": 3.965626207264987}
{"Losses/train_all_loss": 1.9594206755811518}
{"Losses/train_all_loss": 2.3918351869691503}
{"Losses/train_all_loss": 2.295667000792243}
{"Losses/train_all_loss": 2.4089189571413128}
{"Losses/train_all_loss": 3.340365229682489}
{"Losses/train_all_loss": 3.0110206590457396}
{"Losses/train_all_loss": 1.6944020674987272}
{"Losses/train_all_loss": 2.318271479823373}
{"Losses/train_all_loss": 2.164149686694145}
{"Losses/train_all_loss": 1.9787435016848824}
{"Losses/train_all_loss": 1.6438419486988674}
{"Losses/train_all_loss": 3.079754802313718}
{"Losses/train_all_loss": 1.5592847994782708}
