{"Losses/train_all_loss": 5.471494330601259}
{"Losses/train_all_loss": 2.8156022131443024}
{"Losses/train_all_loss": 4.374627603725954}
{"Losses/train_all_loss": 2.7754560763185676}
{"Losses/train_all_loss": 4.5152373015880585}
{"Losses/train_all_loss": 3.8167762512510475}
{"Losses/train_all_loss": 3.801609751853076}
{"Losses/train_all_loss": 2.2242232290181247}
{"Losses/train_all_loss": 4.678297064521096}
{"Losses/train_all_loss": 3.6885486949573862}
{"Losses/train_all_loss": 5.14106638323177}
{"Losses/train_all_loss": 3.359449630433863}
{"Losses/train_all_loss": 4.697404249147936}
{"Losses/train_all_loss": 2.789410408247601}
{"Losses/train_all_loss": 2.063597007231279}
{"Losses/train_all_loss": 3.8168503506617113}
{"Losses/train_all_loss": 1.5958652049303055}
{"Losses/train_all_loss": 3.7313243611292406}
{"Losses/train_all_loss": 6.983844941312617}
{"Losses/train_all_loss": 3.3429154089905997}
{"Losses/train_all_loss": 3.2020415257323873}
{"Losses/train_all_loss": 3.3052111782810907}
{"Losses/train_all_loss": 5.142364184964787}
{"Losses/train_all_loss": 2.213724296201359}
{"Losses/train_all_loss": 3.465014945377003}
{"Losses/train_all_loss": 3.4019054905934767}
{"Losses/train_all_loss": 4.961696768348867}
{"Losses/train_all_loss": 2.8917370614680378}
{"Losses/train_all_loss": 4.128772379322485}
{"Losses/train_all_loss": 1.540471683848988}
{"Losses/train_all_loss": 2.92497732964429}
{"Losses/train_all_loss": 4.1989656537771225}
{"Losses/train_all_loss": 2.2810714448040184}
{"Losses/train_all_loss": 2.585395921360363}
{"Losses/train_all_loss": 2.485830022530122}
{"Losses/train_all_loss": 2.6882703087546607}
{"Losses/train_all_loss": 3.4686796340075405}
{"Losses/train_all_loss": 2.499540930444544}
{"Losses/train_all_loss": 2.329724823886698}
{"Losses/train_all_loss": 20.157796372066844}
{"Losses/train_all_loss": 4.568889872594313}
{"Losses/train_all_loss": 2.0354828116568653}
{"Losses/train_all_loss": 3.579691082239151}
{"Losses/train_all_loss": 2.336117839271372}
{"Losses/train_all_loss": 3.4951642575589092}
{"Losses/train_all_loss": 2.32761010798541}
{"Losses/train_all_loss": 2.2854758108204063}
{"Losses/train_all_loss": 2.329437556591901}
{"Losses/train_all_loss": 7.97992817922072}
{"Losses/train_all_loss": 3.2881315784020857}
{"Losses/train_all_loss": 2.5302196470173923}
{"Losses/train_all_loss": 3.9091545858166437}
{"Losses/train_all_loss": 3.5581227188760582}
{"Losses/train_all_loss": 3.287399012934078}
{"Losses/train_all_loss": 2.6200273633003235}
{"Losses/train_all_loss": 1.9136748530647971}
{"Losses/train_all_loss": 1.902741138907996}
{"Losses/train_all_loss": 2.7525924308733507}
{"Losses/train_all_loss": 5.074027546427467}
{"Losses/train_all_loss": 3.1709172021258962}
{"Losses/train_all_loss": 2.059317424893379}
{"Losses/train_all_loss": 2.315052345395088}
{"Losses/train_all_loss": 2.7745683924718336}
{"Losses/train_all_loss": 2.562581342729655}
{"Losses/train_all_loss": 3.733345164494081}
{"Losses/train_all_loss": 2.0906742093237964}
{"Losses/train_all_loss": 3.3249730955470693}
{"Losses/train_all_loss": 2.8417636968872766}
{"Losses/train_all_loss": 1.3855412317947908}
{"Losses/train_all_loss": 4.006595194339752}
{"Losses/train_all_loss": 2.748404781926762}
{"Losses/train_all_loss": 2.80774026973681}
{"Losses/train_all_loss": 2.0100671378048984}
{"Losses/train_all_loss": 3.7419583987105978}
{"Losses/train_all_loss": 2.0980598344044252}
{"Losses/train_all_loss": 2.6774222891439092}
{"Losses/train_all_loss": 3.125012109902772}
{"Losses/train_all_loss": 1.710078584199602}
{"Losses/train_all_loss": 2.355489904230291}
{"Losses/train_all_loss": 2.524226651950316}
{"Losses/train_all_loss": 2.0710400437766854}
{"Losses/train_all_loss": 1.8053388094360179}
{"Losses/train_all_loss": 2.322057106278159}
{"Losses/train_all_loss": 2.6829807609319687}
{"Losses/train_all_loss": 2.8005679100751877}
{"Losses/train_all_loss": 2.564461862499064}
{"Losses/train_all_loss": 2.794714567336169}
{"Losses/train_all_loss": 2.4243538840250536}
{"Losses/train_all_loss": 1.4449494711377404}
{"Losses/train_all_loss": 2.226974993944168}
{"Losses/train_all_loss": 1.682582582939755}
{"Losses/train_all_loss": 3.616757411848415}
{"Losses/train_all_loss": 2.64750791544264}
{"Losses/train_all_loss": 2.342891961336136}
{"Losses/train_all_loss": 1.7858433398333462}
{"Losses/train_all_loss": 1.6233401935208926}
{"Losses/train_all_loss": 3.542497078126127}
{"Losses/train_all_loss": 2.8348754359917208}
{"Losses/train_all_loss": 1.7339891391721638}
{"Losses/train_all_loss": 1.6897915439172224}
