{"Losses/train_all_loss": 4.314307934858582}
{"Losses/train_all_loss": 5.649632838639346}
{"Losses/train_all_loss": 4.60151349820874}
{"Losses/train_all_loss": 3.3162733018398285}
{"Losses/train_all_loss": 3.586642999540676}
{"Losses/train_all_loss": 4.162505862387744}
{"Losses/train_all_loss": 3.2580526403405448}
{"Losses/train_all_loss": 3.0375465974211693}
{"Losses/train_all_loss": 2.593487510626966}
{"Losses/train_all_loss": 4.775900813666257}
{"Losses/train_all_loss": 4.0894435319033535}
{"Losses/train_all_loss": 3.616076323119077}
{"Losses/train_all_loss": 3.8864739022471686}
{"Losses/train_all_loss": 3.687405129725283}
{"Losses/train_all_loss": 3.2309819053519857}
{"Losses/train_all_loss": 3.909437669949098}
{"Losses/train_all_loss": 2.4948584369637747}
{"Losses/train_all_loss": 4.22541176460006}
{"Losses/train_all_loss": 3.441280104897239}
{"Losses/train_all_loss": 2.5416968911886215}
{"Losses/train_all_loss": 2.9084207009185445}
{"Losses/train_all_loss": 3.2318935082717375}
{"Losses/train_all_loss": 5.845738085833463}
{"Losses/train_all_loss": 2.9007877680388363}
{"Losses/train_all_loss": 2.521901696920395}
{"Losses/train_all_loss": 2.767351947047494}
{"Losses/train_all_loss": 4.6452002850445835}
{"Losses/train_all_loss": 2.4759810079227793}
{"Losses/train_all_loss": 2.3329874764789236}
{"Losses/train_all_loss": 1.3901436152783306}
{"Losses/train_all_loss": 4.635206473144618}
{"Losses/train_all_loss": 4.319697436961261}
{"Losses/train_all_loss": 1.6318022933873264}
{"Losses/train_all_loss": 2.163438531485471}
{"Losses/train_all_loss": 3.137711711905219}
{"Losses/train_all_loss": 2.529485833915797}
{"Losses/train_all_loss": 2.8632459572770377}
{"Losses/train_all_loss": 2.1532232842662116}
{"Losses/train_all_loss": 1.1365085745399648}
{"Losses/train_all_loss": 23.78852738710967}
{"Losses/train_all_loss": 4.034898600795052}
{"Losses/train_all_loss": 1.25874509323727}
{"Losses/train_all_loss": 3.571478146043691}
{"Losses/train_all_loss": 2.4724831716580824}
{"Losses/train_all_loss": 2.3100060658021406}
{"Losses/train_all_loss": 1.9290767108852214}
{"Losses/train_all_loss": 2.1862396272746}
{"Losses/train_all_loss": 2.2061020135879517}
{"Losses/train_all_loss": 3.0486574159427122}
{"Losses/train_all_loss": 3.010840879245238}
{"Losses/train_all_loss": 1.6007109514691613}
{"Losses/train_all_loss": 3.8137200637297197}
{"Losses/train_all_loss": 3.117361891676079}
{"Losses/train_all_loss": 3.0463772768324073}
{"Losses/train_all_loss": 2.280741202560338}
{"Losses/train_all_loss": 2.0297590873458167}
{"Losses/train_all_loss": 2.4206244227561085}
{"Losses/train_all_loss": 2.698656824502078}
{"Losses/train_all_loss": 3.3669684488664973}
{"Losses/train_all_loss": 2.0254703800786626}
{"Losses/train_all_loss": 1.9181321520696988}
{"Losses/train_all_loss": 2.3507413511926476}
{"Losses/train_all_loss": 2.8789263503117994}
{"Losses/train_all_loss": 2.2897173816507514}
{"Losses/train_all_loss": 2.372576217759739}
{"Losses/train_all_loss": 2.738655296238986}
{"Losses/train_all_loss": 2.568444074554877}
{"Losses/train_all_loss": 2.2376063100316306}
{"Losses/train_all_loss": 1.020309572870081}
{"Losses/train_all_loss": 1.92485707659613}
{"Losses/train_all_loss": 2.157486696134914}
{"Losses/train_all_loss": 2.906646719033068}
{"Losses/train_all_loss": 1.7330740202556958}
{"Losses/train_all_loss": 2.9234697114337576}
{"Losses/train_all_loss": 2.1182858049869537}
