{"Losses/train_all_loss": 4.349446372552351}
{"Losses/train_all_loss": 5.038489631631157}
{"Losses/train_all_loss": 5.036832809448242}
{"Losses/train_all_loss": 2.7946553948250683}
{"Losses/train_all_loss": 5.206005424261093}
{"Losses/train_all_loss": 4.260538280010223}
{"Losses/train_all_loss": 3.6319684873927724}
{"Losses/train_all_loss": 3.964447698809884}
{"Losses/train_all_loss": 3.5920507176355883}
{"Losses/train_all_loss": 3.579538870941509}
{"Losses/train_all_loss": 3.478194209662351}
{"Losses/train_all_loss": 4.267254607243971}
{"Losses/train_all_loss": 4.2548575455492195}
{"Losses/train_all_loss": 4.355684266848997}
{"Losses/train_all_loss": 3.118381156162782}
{"Losses/train_all_loss": 4.276008649305864}
{"Losses/train_all_loss": 2.9780421148646963}
{"Losses/train_all_loss": 5.357128129764036}
{"Losses/train_all_loss": 3.3573016090826555}
{"Losses/train_all_loss": 3.9766173254359853}
{"Losses/train_all_loss": 9.134084701538086}
{"Losses/train_all_loss": 3.0716861350969835}
{"Losses/train_all_loss": 4.498841231519526}
{"Losses/train_all_loss": 2.25565884465521}
{"Losses/train_all_loss": 3.4510779956525024}
{"Losses/train_all_loss": 3.6830243061889303}
{"Losses/train_all_loss": 5.989880019968206}
{"Losses/train_all_loss": 2.9382646706971256}
{"Losses/train_all_loss": 2.3955655964938076}
{"Losses/train_all_loss": 1.76213400201364}
{"Losses/train_all_loss": 2.8738177229057658}
{"Losses/train_all_loss": 3.232158151539889}
{"Losses/train_all_loss": 1.8697123256596653}
{"Losses/train_all_loss": 2.888946075331081}
{"Losses/train_all_loss": 3.8263587138869544}
{"Losses/train_all_loss": 1.5541372922333805}
{"Losses/train_all_loss": 3.038155967539007}
{"Losses/train_all_loss": 2.7329962876710026}
{"Losses/train_all_loss": 1.161703422665596}
{"Losses/train_all_loss": 5.504995394836772}
{"Losses/train_all_loss": 3.741412451998754}
{"Losses/train_all_loss": 1.8337444852698932}
{"Losses/train_all_loss": 4.426804515448484}
{"Losses/train_all_loss": 2.4142420034516943}
{"Losses/train_all_loss": 3.562123656272888}
{"Losses/train_all_loss": 1.4353523471138694}
{"Losses/train_all_loss": 4.550826202739369}
{"Losses/train_all_loss": 1.8371819948608226}
{"Losses/train_all_loss": 6.597322095524181}
{"Losses/train_all_loss": 3.1512979431585832}
{"Losses/train_all_loss": 2.879511991685087}
{"Losses/train_all_loss": 2.9767820916392584}
{"Losses/train_all_loss": 2.3930818980390374}
{"Losses/train_all_loss": 3.618788480758667}
{"Losses/train_all_loss": 2.7382206591692837}
{"Losses/train_all_loss": 2.028631240806796}
{"Losses/train_all_loss": 3.142628650773655}
{"Losses/train_all_loss": 2.753234960816123}
{"Losses/train_all_loss": 2.8401927649974823}
{"Losses/train_all_loss": 3.9914284971627323}
{"Losses/train_all_loss": 2.006472793492404}
{"Losses/train_all_loss": 4.696459121324799}
{"Losses/train_all_loss": 3.681646951897578}
{"Losses/train_all_loss": 2.9154997793110935}
{"Losses/train_all_loss": 3.069483383135362}
{"Losses/train_all_loss": 2.132780121808702}
{"Losses/train_all_loss": 3.9977880391207608}
{"Losses/train_all_loss": 2.70830898122354}
{"Losses/train_all_loss": 1.6260059972886334}
{"Losses/train_all_loss": 1.6583234017545527}
{"Losses/train_all_loss": 2.8664931709116157}
{"Losses/train_all_loss": 2.2481913187287073}
{"Losses/train_all_loss": 6.669543252749876}
{"Losses/train_all_loss": 2.699301611293446}
{"Losses/train_all_loss": 2.6062288175929678}
