{"Losses/train_all_loss": 3.693675233559175}
{"Losses/train_all_loss": 5.526482985778288}
{"Losses/train_all_loss": 4.7317757985808635}
{"Losses/train_all_loss": 3.5030366453257473}
{"Losses/train_all_loss": 4.125082771886479}
{"Losses/train_all_loss": 3.873665126887235}
{"Losses/train_all_loss": 3.17941031943668}
{"Losses/train_all_loss": 2.7674374864860014}
{"Losses/train_all_loss": 2.532324417070909}
{"Losses/train_all_loss": 5.3542421080849385}
{"Losses/train_all_loss": 4.374521976167506}
{"Losses/train_all_loss": 4.164854209531438}
{"Losses/train_all_loss": 3.490365586497567}
{"Losses/train_all_loss": 3.934248840267008}
{"Losses/train_all_loss": 2.581167001615871}
{"Losses/train_all_loss": 3.643276583064686}
{"Losses/train_all_loss": 2.5855116573247043}
{"Losses/train_all_loss": 4.538950622081757}
{"Losses/train_all_loss": 3.613865711472251}
{"Losses/train_all_loss": 2.9283211827278137}
{"Losses/train_all_loss": 3.44097359884869}
{"Losses/train_all_loss": 3.432660799134861}
{"Losses/train_all_loss": 4.949104780500585}
{"Losses/train_all_loss": 2.6716544817794454}
{"Losses/train_all_loss": 1.9820565960624001}
{"Losses/train_all_loss": 2.3662211529233237}
{"Losses/train_all_loss": 4.048825767907229}
{"Losses/train_all_loss": 2.558841747316447}
{"Losses/train_all_loss": 2.8017107857899233}
{"Losses/train_all_loss": 1.5238570191643455}
{"Losses/train_all_loss": 4.4309520572423935}
{"Losses/train_all_loss": 3.4745516926050186}
{"Losses/train_all_loss": 1.593898599798029}
{"Losses/train_all_loss": 2.250161103226922}
{"Losses/train_all_loss": 2.717223193157803}
{"Losses/train_all_loss": 2.268835512074557}
{"Losses/train_all_loss": 2.693272942169146}
{"Losses/train_all_loss": 2.1334814618934286}
{"Losses/train_all_loss": 1.1807835589755664}
{"Losses/train_all_loss": 24.137712596492335}
{"Losses/train_all_loss": 4.150291591882706}
{"Losses/train_all_loss": 1.2997853606939316}
{"Losses/train_all_loss": 3.684361605481668}
{"Losses/train_all_loss": 2.225566579536958}
{"Losses/train_all_loss": 2.35596745393493}
{"Losses/train_all_loss": 1.908202279697765}
{"Losses/train_all_loss": 1.9036365842277354}
{"Losses/train_all_loss": 2.5725139054385098}
{"Losses/train_all_loss": 3.4371183663606644}
{"Losses/train_all_loss": 2.797904513098977}
{"Losses/train_all_loss": 1.5230586596510627}
{"Losses/train_all_loss": 3.928889038887891}
{"Losses/train_all_loss": 3.5029371204701336}
{"Losses/train_all_loss": 2.90734887258573}
{"Losses/train_all_loss": 2.225892161781138}
{"Losses/train_all_loss": 2.0418521531603555}
{"Losses/train_all_loss": 2.3162799775600433}
{"Losses/train_all_loss": 2.9898868189616636}
{"Losses/train_all_loss": 3.38854582472281}
{"Losses/train_all_loss": 2.1103997230529785}
{"Losses/train_all_loss": 2.0406448136676443}
{"Losses/train_all_loss": 2.1523631770502436}
{"Losses/train_all_loss": 3.345859416506507}
{"Losses/train_all_loss": 2.457784427837892}
{"Losses/train_all_loss": 2.1534806110642175}
{"Losses/train_all_loss": 2.82720104672692}
{"Losses/train_all_loss": 2.3643619404597715}
{"Losses/train_all_loss": 2.4989756806330248}
{"Losses/train_all_loss": 1.1394036236134442}
{"Losses/train_all_loss": 1.9186419980092482}
{"Losses/train_all_loss": 2.2616062089800835}
{"Losses/train_all_loss": 3.216333218596198}
{"Losses/train_all_loss": 2.3558822978626597}
{"Losses/train_all_loss": 2.965385919267481}
{"Losses/train_all_loss": 2.2331875427202745}
