{"Trainer/where": 0.00909090909090909, "Trainer/epoch": 0, "Trainer/steps_train": 11}
{"Trainer/where": 0.019090909090909092, "Trainer/epoch": 1, "Trainer/steps_train": 22}
{"Trainer/where": 0.02909090909090909, "Trainer/epoch": 2, "Trainer/steps_train": 33}
{"Trainer/where": 0.03909090909090909, "Trainer/epoch": 3, "Trainer/steps_train": 44}
{"Trainer/where": 0.049090909090909095, "Trainer/epoch": 4, "Trainer/steps_train": 55}
{"Trainer/where": 0.05909090909090909, "Trainer/epoch": 5, "Trainer/steps_train": 66}
{"Trainer/where": 0.06909090909090909, "Trainer/epoch": 6, "Trainer/steps_train": 77}
{"Trainer/where": 0.07909090909090909, "Trainer/epoch": 7, "Trainer/steps_train": 88}
{"Trainer/where": 0.08909090909090908, "Trainer/epoch": 8, "Trainer/steps_train": 99}
{"Trainer/where": 0.09909090909090908, "Trainer/epoch": 9, "Trainer/steps_train": 110}
{"Trainer/where": 0.10909090909090909, "Trainer/epoch": 10, "Trainer/steps_train": 121}
{"Trainer/where": 0.11909090909090908, "Trainer/epoch": 11, "Trainer/steps_train": 132}
{"Trainer/where": 0.1290909090909091, "Trainer/epoch": 12, "Trainer/steps_train": 143}
{"Trainer/where": 0.13909090909090907, "Trainer/epoch": 13, "Trainer/steps_train": 154}
{"Trainer/where": 0.14909090909090908, "Trainer/epoch": 14, "Trainer/steps_train": 165}
{"Trainer/where": 0.1590909090909091, "Trainer/epoch": 15, "Trainer/steps_train": 176}
{"Trainer/where": 0.1690909090909091, "Trainer/epoch": 16, "Trainer/steps_train": 187}
{"Trainer/where": 0.1790909090909091, "Trainer/epoch": 17, "Trainer/steps_train": 198}
{"Trainer/where": 0.1890909090909091, "Trainer/epoch": 18, "Trainer/steps_train": 209}
{"Trainer/where": 0.1990909090909091, "Trainer/epoch": 19, "Trainer/steps_train": 220}
{"Trainer/where": 0.2090909090909091, "Trainer/epoch": 20, "Trainer/steps_train": 231}
{"Trainer/where": 0.21909090909090911, "Trainer/epoch": 21, "Trainer/steps_train": 242}
{"Trainer/where": 0.2290909090909091, "Trainer/epoch": 22, "Trainer/steps_train": 253}
{"Trainer/where": 0.2390909090909091, "Trainer/epoch": 23, "Trainer/steps_train": 264}
{"Trainer/where": 0.2490909090909091, "Trainer/epoch": 24, "Trainer/steps_train": 275}
{"Trainer/where": 0.2590909090909091, "Trainer/epoch": 25, "Trainer/steps_train": 286}
{"Trainer/where": 0.2690909090909091, "Trainer/epoch": 26, "Trainer/steps_train": 297}
{"Trainer/where": 0.2790909090909091, "Trainer/epoch": 27, "Trainer/steps_train": 308}
{"Trainer/where": 0.2890909090909091, "Trainer/epoch": 28, "Trainer/steps_train": 319}
{"Trainer/where": 0.2990909090909091, "Trainer/epoch": 29, "Trainer/steps_train": 330}
{"Trainer/where": 0.3090909090909091, "Trainer/epoch": 30, "Trainer/steps_train": 341}
{"Trainer/where": 0.3190909090909091, "Trainer/epoch": 31, "Trainer/steps_train": 352}
{"Trainer/where": 0.32909090909090905, "Trainer/epoch": 32, "Trainer/steps_train": 363}
{"Trainer/where": 0.33909090909090905, "Trainer/epoch": 33, "Trainer/steps_train": 374}
{"Trainer/where": 0.34909090909090906, "Trainer/epoch": 34, "Trainer/steps_train": 385}
{"Trainer/where": 0.35909090909090907, "Trainer/epoch": 35, "Trainer/steps_train": 396}
{"Trainer/where": 0.3690909090909091, "Trainer/epoch": 36, "Trainer/steps_train": 407}
{"Trainer/where": 0.3790909090909091, "Trainer/epoch": 37, "Trainer/steps_train": 418}
{"Trainer/where": 0.38909090909090904, "Trainer/epoch": 38, "Trainer/steps_train": 429}
{"Trainer/where": 0.39909090909090905, "Trainer/epoch": 39, "Trainer/steps_train": 440}
{"Trainer/where": 0.40909090909090906, "Trainer/epoch": 40, "Trainer/steps_train": 451}
{"Trainer/where": 0.41909090909090907, "Trainer/epoch": 41, "Trainer/steps_train": 462}
{"Trainer/where": 0.4290909090909091, "Trainer/epoch": 42, "Trainer/steps_train": 473}
{"Trainer/where": 0.4390909090909091, "Trainer/epoch": 43, "Trainer/steps_train": 484}
{"Trainer/where": 0.44909090909090904, "Trainer/epoch": 44, "Trainer/steps_train": 495}
{"Trainer/where": 0.45909090909090905, "Trainer/epoch": 45, "Trainer/steps_train": 506}
{"Trainer/where": 0.46909090909090906, "Trainer/epoch": 46, "Trainer/steps_train": 517}
{"Trainer/where": 0.47909090909090907, "Trainer/epoch": 47, "Trainer/steps_train": 528}
{"Trainer/where": 0.4890909090909091, "Trainer/epoch": 48, "Trainer/steps_train": 539}
{"Trainer/where": 0.4990909090909091, "Trainer/epoch": 49, "Trainer/steps_train": 550}
{"Trainer/where": 0.509090909090909, "Trainer/epoch": 50, "Trainer/steps_train": 561}
{"Trainer/where": 0.519090909090909, "Trainer/epoch": 51, "Trainer/steps_train": 572}
{"Trainer/where": 0.5290909090909091, "Trainer/epoch": 52, "Trainer/steps_train": 583}
{"Trainer/where": 0.5390909090909091, "Trainer/epoch": 53, "Trainer/steps_train": 594}
{"Trainer/where": 0.5490909090909091, "Trainer/epoch": 54, "Trainer/steps_train": 605}
{"Trainer/where": 0.5590909090909091, "Trainer/epoch": 55, "Trainer/steps_train": 616}
{"Trainer/where": 0.5690909090909091, "Trainer/epoch": 56, "Trainer/steps_train": 627}
{"Trainer/where": 0.5790909090909091, "Trainer/epoch": 57, "Trainer/steps_train": 638}
{"Trainer/where": 0.5890909090909091, "Trainer/epoch": 58, "Trainer/steps_train": 649}
{"Trainer/where": 0.5990909090909091, "Trainer/epoch": 59, "Trainer/steps_train": 660}
{"Trainer/where": 0.609090909090909, "Trainer/epoch": 60, "Trainer/steps_train": 671}
{"Trainer/where": 0.619090909090909, "Trainer/epoch": 61, "Trainer/steps_train": 682}
{"Trainer/where": 0.629090909090909, "Trainer/epoch": 62, "Trainer/steps_train": 693}
{"Trainer/where": 0.639090909090909, "Trainer/epoch": 63, "Trainer/steps_train": 704}
{"Trainer/where": 0.649090909090909, "Trainer/epoch": 64, "Trainer/steps_train": 715}
{"Trainer/where": 0.6590909090909091, "Trainer/epoch": 65, "Trainer/steps_train": 726}
{"Trainer/where": 0.6690909090909091, "Trainer/epoch": 66, "Trainer/steps_train": 737}
{"Trainer/where": 0.6790909090909091, "Trainer/epoch": 67, "Trainer/steps_train": 748}
{"Trainer/where": 0.6890909090909091, "Trainer/epoch": 68, "Trainer/steps_train": 759}
{"Trainer/where": 0.6990909090909091, "Trainer/epoch": 69, "Trainer/steps_train": 770}
{"Trainer/where": 0.7090909090909091, "Trainer/epoch": 70, "Trainer/steps_train": 781}
{"Trainer/where": 0.7190909090909091, "Trainer/epoch": 71, "Trainer/steps_train": 792}
{"Trainer/where": 0.729090909090909, "Trainer/epoch": 72, "Trainer/steps_train": 803}
{"Trainer/where": 0.739090909090909, "Trainer/epoch": 73, "Trainer/steps_train": 814}
{"Trainer/where": 0.749090909090909, "Trainer/epoch": 74, "Trainer/steps_train": 825}
{"Trainer/where": 0.759090909090909, "Trainer/epoch": 75, "Trainer/steps_train": 836}
{"Trainer/where": 0.769090909090909, "Trainer/epoch": 76, "Trainer/steps_train": 847}
{"Trainer/where": 0.7790909090909091, "Trainer/epoch": 77, "Trainer/steps_train": 858}
{"Trainer/where": 0.7890909090909091, "Trainer/epoch": 78, "Trainer/steps_train": 869}
{"Trainer/where": 0.7990909090909091, "Trainer/epoch": 79, "Trainer/steps_train": 880}
{"Trainer/where": 0.8090909090909091, "Trainer/epoch": 80, "Trainer/steps_train": 891}
{"Trainer/where": 0.8190909090909091, "Trainer/epoch": 81, "Trainer/steps_train": 902}
{"Trainer/where": 0.8290909090909091, "Trainer/epoch": 82, "Trainer/steps_train": 913}
{"Trainer/where": 0.8390909090909091, "Trainer/epoch": 83, "Trainer/steps_train": 924}
{"Trainer/where": 0.8490909090909091, "Trainer/epoch": 84, "Trainer/steps_train": 935}
{"Trainer/where": 0.859090909090909, "Trainer/epoch": 85, "Trainer/steps_train": 946}
{"Trainer/where": 0.869090909090909, "Trainer/epoch": 86, "Trainer/steps_train": 957}
{"Trainer/where": 0.879090909090909, "Trainer/epoch": 87, "Trainer/steps_train": 968}
{"Trainer/where": 0.889090909090909, "Trainer/epoch": 88, "Trainer/steps_train": 979}
{"Trainer/where": 0.899090909090909, "Trainer/epoch": 89, "Trainer/steps_train": 990}
{"Trainer/where": 0.9090909090909091, "Trainer/epoch": 90, "Trainer/steps_train": 1001}
{"Trainer/where": 0.9190909090909091, "Trainer/epoch": 91,