{"Losses/train_all_loss": 5.357485139911825}
{"Losses/train_all_loss": 2.797473579645157}
{"Losses/train_all_loss": 4.923107965426012}
{"Losses/train_all_loss": 2.9427952874790537}
{"Losses/train_all_loss": 3.6664365746758203}
{"Losses/train_all_loss": 3.5424708019603384}
{"Losses/train_all_loss": 4.0616617554968055}
{"Losses/train_all_loss": 2.7160694788802755}
{"Losses/train_all_loss": 3.9913777004588735}
{"Losses/train_all_loss": 4.112757830457254}
{"Losses/train_all_loss": 5.271204248070717}
{"Losses/train_all_loss": 3.613844183358279}
{"Losses/train_all_loss": 4.477324144406752}
{"Losses/train_all_loss": 2.863810888745568}
{"Losses/train_all_loss": 2.1183865598656912}
{"Losses/train_all_loss": 3.845616026358171}
{"Losses/train_all_loss": 1.8171686110171406}
{"Losses/train_all_loss": 3.7330999862064016}
{"Losses/train_all_loss": 6.614529737017372}
{"Losses/train_all_loss": 3.1599468290805817}
{"Losses/train_all_loss": 3.555382796309211}
{"Losses/train_all_loss": 3.6804845427924935}
{"Losses/train_all_loss": 4.617542029781775}
{"Losses/train_all_loss": 2.244621994820508}
{"Losses/train_all_loss": 3.361283754760569}
{"Losses/train_all_loss": 3.860158768567172}
{"Losses/train_all_loss": 4.636729592626745}
{"Losses/train_all_loss": 2.465531503612345}
{"Losses/train_all_loss": 3.602075393904339}
{"Losses/train_all_loss": 1.51888230713931}
{"Losses/train_all_loss": 2.9240481596101415}
{"Losses/train_all_loss": 3.938622023571621}
{"Losses/train_all_loss": 2.010925069451332}
{"Losses/train_all_loss": 2.5064527839422226}
{"Losses/train_all_loss": 2.4458164030855354}
{"Losses/train_all_loss": 2.499402793970975}
{"Losses/train_all_loss": 3.5495365289124576}
{"Losses/train_all_loss": 2.4682609736919403}
{"Losses/train_all_loss": 1.664764521474188}
{"Losses/train_all_loss": 20.232934507456694}
{"Losses/train_all_loss": 4.630576970902356}
{"Losses/train_all_loss": 2.008282405408946}
{"Losses/train_all_loss": 3.6287166313691572}
{"Losses/train_all_loss": 2.550721369006417}
{"Losses/train_all_loss": 2.997309539805759}
{"Losses/train_all_loss": 2.19381920857863}
{"Losses/train_all_loss": 2.5616058680144222}
{"Losses/train_all_loss": 12.674041842872446}
{"Losses/train_all_loss": 3.080829151652076}
{"Losses/train_all_loss": 3.4045893631198187}
{"Losses/train_all_loss": 2.155979493802244}
{"Losses/train_all_loss": 4.334554043683139}
{"Losses/train_all_loss": 3.5424272553487257}
{"Losses/train_all_loss": 3.4997025944969873}
{"Losses/train_all_loss": 2.8386872478506784}
{"Losses/train_all_loss": 1.585608644918962}
{"Losses/train_all_loss": 1.8787692284042186}
{"Losses/train_all_loss": 2.6808764243667778}
{"Losses/train_all_loss": 5.45901251652024}
{"Losses/train_all_loss": 3.185095876455307}
{"Losses/train_all_loss": 1.8869781209663912}
{"Losses/train_all_loss": 2.46794172715057}
{"Losses/train_all_loss": 3.069643100554293}
{"Losses/train_all_loss": 2.547029037367214}
{"Losses/train_all_loss": 4.007447616620497}
{"Losses/train_all_loss": 2.147578634999015}
{"Losses/train_all_loss": 3.1289671686562626}
{"Losses/train_all_loss": 2.7667621238665148}
{"Losses/train_all_loss": 1.2372791482643648}
{"Losses/train_all_loss": 1.74701968038624}
{"Losses/train_all_loss": 2.557043517177755}
{"Losses/train_all_loss": 2.434055683287707}
{"Losses/train_all_loss": 2.229574284770272}
{"Losses/train_all_loss": 3.7525540861216458}
{"Losses/train_all_loss": 2.030902487310496}
{"Losses/train_all_loss": 2.394669242880561}
{"Losses/train_all_loss": 2.8580970472910185}
{"Losses/train_all_loss": 1.8007953133095393}
{"Losses/train_all_loss": 2.385352069681341}
{"Losses/train_all_loss": 3.537985156882893}
{"Losses/train_all_loss": 1.9313279783183879}
{"Losses/train_all_loss": 1.881575042551214}
{"Losses/train_all_loss": 2.371072556484829}
{"Losses/train_all_loss": 2.7026454995978964}
{"Losses/train_all_loss": 2.7156870405782354}
{"Losses/train_all_loss": 2.561122940345244}
{"Losses/train_all_loss": 2.577267052097754}
{"Losses/train_all_loss": 2.2909564565528524}
{"Losses/train_all_loss": 1.429661902514371}
{"Losses/train_all_loss": 2.2283987375822933}
{"Losses/train_all_loss": 1.752468997781927}
{"Losses/train_all_loss": 3.51480217684399}
{"Losses/train_all_loss": 2.6120186095887963}
{"Losses/train_all_loss": 2.2259474396705627}
{"Losses/train_all_loss": 1.718071157282049}
{"Losses/train_all_loss": 1.56879922747612}
{"Losses/train_all_loss": 3.4222100146792154}
{"Losses/train_all_loss": 2.9526707895777444}
{"Losses/train_all_loss": 1.632202458652583}
{"Losses/train_all_loss": 1.7968401041897861}
