{"Losses/train_all_loss": 4.348635842402776}
{"Losses/train_all_loss": 1.891551274806261}
{"Losses/train_all_loss": 4.391287585099538}
{"Losses/train_all_loss": 2.761498628805081}
{"Losses/train_all_loss": 4.219289359947045}
{"Losses/train_all_loss": 1.1861236443122227}
{"Losses/train_all_loss": 4.059234539667766}
{"Losses/train_all_loss": 3.9766284873088202}
{"Losses/train_all_loss": 3.277986243367195}
{"Losses/train_all_loss": 2.8447911416490874}
{"Losses/train_all_loss": 5.135535374283791}
{"Losses/train_all_loss": 3.897469110786915}
{"Losses/train_all_loss": 3.605345644056797}
{"Losses/train_all_loss": 2.0979215502738953}
{"Losses/train_all_loss": 3.437166891992092}
{"Losses/train_all_loss": 12.699287151296934}
{"Losses/train_all_loss": 3.816613622009754}
{"Losses/train_all_loss": 3.0221474394202232}
{"Losses/train_all_loss": 2.10404975960652}
{"Losses/train_all_loss": 3.3656022561093173}
{"Losses/train_all_loss": 4.3048275510470075}
{"Losses/train_all_loss": 3.8646802281339965}
{"Losses/train_all_loss": 4.646786604076624}
{"Losses/train_all_loss": 2.8281376933058104}
{"Losses/train_all_loss": 3.725222452233235}
{"Losses/train_all_loss": 2.6517236679792404}
{"Losses/train_all_loss": 2.754560255755981}
{"Losses/train_all_loss": 1.6559978251655896}
{"Losses/train_all_loss": 3.390770216162006}
{"Losses/train_all_loss": 3.4217931032180786}
{"Losses/train_all_loss": 3.5332784379522004}
{"Losses/train_all_loss": 3.280999395996332}
{"Losses/train_all_loss": 2.6011279045293727}
{"Losses/train_all_loss": 3.005043155203263}
{"Losses/train_all_loss": 3.6220229094227157}
{"Losses/train_all_loss": 3.0696821560462317}
{"Losses/train_all_loss": 5.083763634165128}
{"Losses/train_all_loss": 2.1042139045894146}
{"Losses/train_all_loss": 3.97140833735466}
{"Losses/train_all_loss": 2.6250455963114896}
{"Losses/train_all_loss": 2.997553457816442}
{"Losses/train_all_loss": 2.477107179661592}
{"Losses/train_all_loss": 2.6711279240747294}
{"Losses/train_all_loss": 2.3900794262687364}
{"Losses/train_all_loss": 4.2740406058728695}
{"Losses/train_all_loss": 2.5395508433381715}
{"Losses/train_all_loss": 3.4580618341763816}
{"Losses/train_all_loss": 2.806229834755262}
{"Losses/train_all_loss": 13.01235294342041}
{"Losses/train_all_loss": 2.1766691878437996}
{"Losses/train_all_loss": 2.485388377060493}
{"Losses/train_all_loss": 2.0305944432814917}
{"Losses/train_all_loss": 3.0130569686492286}
{"Losses/train_all_loss": 2.852774918079376}
{"Losses/train_all_loss": 2.4197977830966315}
{"Losses/train_all_loss": 2.131529066711664}
{"Losses/train_all_loss": 2.7692888726790748}
{"Losses/train_all_loss": 1.5762597781916459}
{"Losses/train_all_loss": 3.4929301788409552}
{"Losses/train_all_loss": 2.621324093391498}
{"Losses/train_all_loss": 2.735947093615929}
{"Losses/train_all_loss": 2.2592948153615}
{"Losses/train_all_loss": 2.349682273964087}
{"Losses/train_all_loss": 11.52830147370696}
{"Losses/train_all_loss": 2.1771846674382687}
{"Losses/train_all_loss": 2.5633284176389375}
{"Losses/train_all_loss": 3.33084674552083}
{"Losses/train_all_loss": 7.323096474011739}
{"Losses/train_all_loss": 2.468617510050535}
{"Losses/train_all_loss": 2.8603188221653304}
{"Losses/train_all_loss": 2.6371109088261924}
{"Losses/train_all_loss": 2.105412104477485}
{"Losses/train_all_loss": 2.597032967954874}
{"Losses/train_all_loss": 2.8806398709615073}
{"Losses/train_all_loss": 1.9475072398781776}
