{"Trainer/where": 0.012222222222222221, "Trainer/epoch": 0, "Trainer/steps_train": 12}
{"Trainer/where": 0.025555555555555554, "Trainer/epoch": 1, "Trainer/steps_train": 24}
{"Trainer/where": 0.03888888888888889, "Trainer/epoch": 2, "Trainer/steps_train": 36}
{"Trainer/where": 0.05222222222222222, "Trainer/epoch": 3, "Trainer/steps_train": 48}
{"Trainer/where": 0.06555555555555556, "Trainer/epoch": 4, "Trainer/steps_train": 60}
{"Trainer/where": 0.0788888888888889, "Trainer/epoch": 5, "Trainer/steps_train": 72}
{"Trainer/where": 0.09222222222222222, "Trainer/epoch": 6, "Trainer/steps_train": 84}
