{"Losses/train_all_loss": 5.331368900835514}
{"Losses/train_all_loss": 2.3712443510691323}
{"Losses/train_all_loss": 4.179904441038768}
{"Losses/train_all_loss": 2.241952675084273}
{"Losses/train_all_loss": 3.7396545807520547}
{"Losses/train_all_loss": 1.0657460689544678}
{"Losses/train_all_loss": 5.046489626169205}
{"Losses/train_all_loss": 4.263012304902077}
{"Losses/train_all_loss": 3.429944227139155}
{"Losses/train_all_loss": 3.2846803019444146}
{"Losses/train_all_loss": 5.415931070844333}
{"Losses/train_all_loss": 3.6272687365611396}
{"Losses/train_all_loss": 3.413535380115112}
{"Losses/train_all_loss": 1.9964667161305745}
{"Losses/train_all_loss": 3.3959832713007927}
{"Losses/train_all_loss": 12.497334691385428}
{"Losses/train_all_loss": 4.1026739204923315}
{"Losses/train_all_loss": 3.038719680160284}
{"Losses/train_all_loss": 2.2904721001784005}
{"Losses/train_all_loss": 3.7568281603356204}
{"Losses/train_all_loss": 3.8718941807746887}
{"Losses/train_all_loss": 3.0090371320645013}
{"Losses/train_all_loss": 4.938402963181336}
{"Losses/train_all_loss": 3.398369625210762}
{"Losses/train_all_loss": 3.1864104134341082}
{"Losses/train_all_loss": 2.5138136396805444}
{"Losses/train_all_loss": 3.385948850462834}
{"Losses/train_all_loss": 1.8593824331959088}
{"Losses/train_all_loss": 3.3649908881634474}
{"Losses/train_all_loss": 3.2128750731547675}
{"Losses/train_all_loss": 3.7387959162394204}
{"Losses/train_all_loss": 3.1105181549986205}
{"Losses/train_all_loss": 2.4179906770586967}
{"Losses/train_all_loss": 3.360244316359361}
{"Losses/train_all_loss": 3.869123155872027}
{"Losses/train_all_loss": 2.8185980170965195}
{"Losses/train_all_loss": 4.83307146653533}
{"Losses/train_all_loss": 2.12697276721398}
{"Losses/train_all_loss": 3.6575359913210073}
{"Losses/train_all_loss": 2.9786805299421153}
{"Losses/train_all_loss": 3.4238956620295844}
{"Losses/train_all_loss": 2.265452994654576}
{"Losses/train_all_loss": 2.140374614546696}
{"Losses/train_all_loss": 2.058691759904226}
{"Losses/train_all_loss": 4.462312099834283}
{"Losses/train_all_loss": 2.672172532727321}
{"Losses/train_all_loss": 3.1284760758280754}
{"Losses/train_all_loss": 3.1863678035636744}
{"Losses/train_all_loss": 12.773403027405342}
{"Losses/train_all_loss": 2.3262955310444036}
{"Losses/train_all_loss": 2.3532904808719954}
{"Losses/train_all_loss": 2.121330382923285}
{"Losses/train_all_loss": 2.8064000929395356}
{"Losses/train_all_loss": 3.549258348842462}
{"Losses/train_all_loss": 2.759521638353666}
{"Losses/train_all_loss": 2.1727151945233345}
{"Losses/train_all_loss": 2.5577490168313184}
{"Losses/train_all_loss": 1.7142583032449086}
{"Losses/train_all_loss": 3.1909730484088263}
{"Losses/train_all_loss": 2.3949963226914406}
{"Losses/train_all_loss": 2.6391846810777984}
{"Losses/train_all_loss": 2.211714814106623}
{"Losses/train_all_loss": 3.850867668787638}
{"Losses/train_all_loss": 11.159580793231726}
{"Losses/train_all_loss": 1.832508288944761}
{"Losses/train_all_loss": 2.5395288889606795}
{"Losses/train_all_loss": 2.8700821300347648}
{"Losses/train_all_loss": 7.9000967765847845}
{"Losses/train_all_loss": 2.468304873754581}
{"Losses/train_all_loss": 3.017833006878694}
{"Losses/train_all_loss": 2.639604337513447}
{"Losses/train_all_loss": 2.1551014507810273}
{"Losses/train_all_loss": 2.80576378852129}
{"Losses/train_all_loss": 3.519201641281446}
{"Losses/train_all_loss": 1.683176180968682}
