{"Losses/train_all_loss": 5.331368900835514}
{"Losses/train_all_loss": 2.3712443510691323}
{"Losses/train_all_loss": 4.179904441038768}
{"Losses/train_all_loss": 2.241952675084273}
{"Losses/train_all_loss": 3.7396545807520547}
{"Losses/train_all_loss": 1.0657460689544678}
{"Losses/train_all_loss": 5.046489626169205}
