{"Losses/train_all_loss": 5.8921055956320325}
{"Losses/train_all_loss": 3.949242426590486}
{"Losses/train_all_loss": 5.1405492641709065}
{"Losses/train_all_loss": 2.11781547692689}
{"Losses/train_all_loss": 3.9042131819508294}
{"Losses/train_all_loss": 3.7514189942316576}
{"Losses/train_all_loss": 4.149768921461972}
{"Losses/train_all_loss": 3.2171989354220303}
{"Losses/train_all_loss": 8.057962425730445}
{"Losses/train_all_loss": 3.9857047484679655}
{"Losses/train_all_loss": 3.4225799278779463}
{"Losses/train_all_loss": 4.467024212533778}
{"Losses/train_all_loss": 4.841027801687067}
{"Losses/train_all_loss": 3.9572653770446777}
{"Losses/train_all_loss": 3.8713835775852203}
{"Losses/train_all_loss": 3.7800426943735643}
{"Losses/train_all_loss": 2.0199180191213433}
{"Losses/train_all_loss": 4.576459036632017}
{"Losses/train_all_loss": 3.7882251143455505}
{"Losses/train_all_loss": 2.1733973811973226}
{"Losses/train_all_loss": 3.2503186681053857}
{"Losses/train_all_loss": 11.00435012443499}
{"Losses/train_all_loss": 4.448305807330391}
{"Losses/train_all_loss": 3.471070725809444}
{"Losses/train_all_loss": 2.377434034239162}
{"Losses/train_all_loss": 2.4975406635891306}
{"Losses/train_all_loss": 4.05362965572964}
{"Losses/train_all_loss": 3.206263542175293}
{"Losses/train_all_loss": 3.98706777529283}
{"Losses/train_all_loss": 1.993247159502723}
{"Losses/train_all_loss": 7.479165684093129}
{"Losses/train_all_loss": 3.529380565339869}
{"Losses/train_all_loss": 2.600165004079992}
{"Losses/train_all_loss": 2.5449064292690973}
{"Losses/train_all_loss": 5.85962664810094}
{"Losses/train_all_loss": 1.9729491390965201}
{"Losses/train_all_loss": 2.4180036309090527}
{"Losses/train_all_loss": 2.1087119823152367}
{"Losses/train_all_loss": 1.706434041261673}
{"Losses/train_all_loss": 4.5576594512570985}
{"Losses/train_all_loss": 6.058155490593477}
{"Losses/train_all_loss": 1.8511059257117184}
{"Losses/train_all_loss": 3.537012980742888}
{"Losses/train_all_loss": 2.6420576071197335}
{"Losses/train_all_loss": 3.544113898819143}
{"Losses/train_all_loss": 1.59231859581037}
{"Losses/train_all_loss": 2.976547745141116}
{"Losses/train_all_loss": 2.470643699169159}
{"Losses/train_all_loss": 3.575268118218942}
{"Losses/train_all_loss": 2.007859694686803}
{"Losses/train_all_loss": 2.3923743109811437}
{"Losses/train_all_loss": 5.740004566582766}
{"Losses/train_all_loss": 3.8348186828873376}
{"Losses/train_all_loss": 3.696435981176116}
{"Losses/train_all_loss": 2.593751858581196}
{"Losses/train_all_loss": 2.5435507893562317}
{"Losses/train_all_loss": 1.963422573425553}
{"Losses/train_all_loss": 3.4752939736301247}
{"Losses/train_all_loss": 3.0818443433804945}
{"Losses/train_all_loss": 2.529579667882486}
{"Losses/train_all_loss": 2.1238145394758745}
{"Losses/train_all_loss": 3.9619054943323135}
{"Losses/train_all_loss": 3.126846111633561}
{"Losses/train_all_loss": 1.739597504789179}
{"Losses/train_all_loss": 4.80902729251168}
{"Losses/train_all_loss": 4.228897625749761}
{"Losses/train_all_loss": 4.868581400676207}
{"Losses/train_all_loss": 4.469456667249853}
{"Losses/train_all_loss": 1.1648310206153176}
{"Losses/train_all_loss": 1.8585705079815604}
{"Losses/train_all_loss": 3.5325243039564653}
{"Losses/train_all_loss": 2.261929984797131}
{"Losses/train_all_loss": 1.5328207720409741}
{"Losses/train_all_loss": 3.3219234320250424}
{"Losses/train_all_loss": 1.6906421557068825}
{"Losses/train_all_loss": 2.4604252956130286}
{"Losses/train_all_loss": 3.196742823178118}
{"Losses/train_all_loss": 2.357669720595533}
{"Losses/train_all_loss": 7.996387206695297}
{"Losses/train_all_loss": 2.9002829817208378}
{"Losses/train_all_loss": 2.67265646295114}
{"Losses/train_all_loss": 2.110871607607061}
{"Losses/train_all_loss": 2.000008616935123}
{"Losses/train_all_loss": 2.289574758573012}
{"Losses/train_all_loss": 2.7219017229296942}
{"Losses/train_all_loss": 2.4894789348949087}
{"Losses/train_all_loss": 3.312533802606843}
{"Losses/train_all_loss": 2.2213578820228577}
{"Losses/train_all_loss": 1.7238728241486982}
{"Losses/train_all_loss": 1.8010740862651304}
{"Losses/train_all_loss": 1.953340021046725}
{"Losses/train_all_loss": 13.541475794532083}
{"Losses/train_all_loss": 3.849115664308721}
{"Losses/train_all_loss": 1.8000583729960702}
{"Losses/train_all_loss": 1.7688044553453273}
{"Losses/train_all_loss": 3.396037175574086}
{"Losses/train_all_loss": 3.287031192671169}
{"Losses/train_all_loss": 2.505143404006958}
{"Losses/train_all_loss": 1.7413208891044964}
{"Losses/train_all_loss": 2.109735897996209}
