{"Losses/train_all_loss": 5.272505184014638}
{"Losses/train_all_loss": 2.0572895854711533}
{"Losses/train_all_loss": 4.031298028926055}
{"Losses/train_all_loss": 2.3725331077973046}
{"Losses/train_all_loss": 3.7327447359760604}
{"Losses/train_all_loss": 1.1183416073520978}
{"Losses/train_all_loss": 4.843843037883441}
{"Losses/train_all_loss": 3.828227603187164}
{"Losses/train_all_loss": 3.347561856110891}
{"Losses/train_all_loss": 3.6454022290805974}
{"Losses/train_all_loss": 5.5996925085783005}
{"Losses/train_all_loss": 4.001705180853605}
{"Losses/train_all_loss": 3.39341173072656}
{"Losses/train_all_loss": 2.001661558945974}
{"Losses/train_all_loss": 3.4642069252828755}
{"Losses/train_all_loss": 12.485454651216665}
{"Losses/train_all_loss": 3.5305495957533517}
{"Losses/train_all_loss": 2.890835085262855}
{"Losses/train_all_loss": 2.517128475010395}
{"Losses/train_all_loss": 3.5274688601493835}
{"Losses/train_all_loss": 4.053025158743064}
{"Losses/train_all_loss": 3.079249987999598}
{"Losses/train_all_loss": 4.690511405467987}
{"Losses/train_all_loss": 3.0595961548388004}
{"Losses/train_all_loss": 2.9569854252040386}
{"Losses/train_all_loss": 2.361679084599018}
{"Losses/train_all_loss": 3.3207073770463467}
{"Losses/train_all_loss": 1.6629426429669063}
{"Losses/train_all_loss": 3.2286277761061988}
{"Losses/train_all_loss": 3.3326282935837903}
{"Losses/train_all_loss": 2.624232796331247}
{"Losses/train_all_loss": 3.220102367301782}
{"Losses/train_all_loss": 2.806030953923861}
{"Losses/train_all_loss": 3.502138423422972}
{"Losses/train_all_loss": 3.7832601740956306}
{"Losses/train_all_loss": 2.560123680780331}
{"Losses/train_all_loss": 4.512468867003918}
{"Losses/train_all_loss": 2.240488321830829}
{"Losses/train_all_loss": 4.104053971047203}
{"Losses/train_all_loss": 3.0588290045658746}
{"Losses/train_all_loss": 3.187335620323817}
{"Losses/train_all_loss": 2.367986367394527}
{"Losses/train_all_loss": 2.1682065092027187}
{"Losses/train_all_loss": 2.3897896197934947}
{"Losses/train_all_loss": 4.844683788716793}
{"Losses/train_all_loss": 2.8314543776214123}
{"Losses/train_all_loss": 2.958793337146441}
{"Losses/train_all_loss": 3.971143273015817}
{"Losses/train_all_loss": 12.848124966025352}
{"Losses/train_all_loss": 2.297343224287033}
{"Losses/train_all_loss": 2.2624984433253608}
{"Losses/train_all_loss": 2.2421001667777696}
{"Losses/train_all_loss": 2.834271404892206}
{"Losses/train_all_loss": 3.2029543183743954}
{"Losses/train_all_loss": 2.600831183294455}
{"Losses/train_all_loss": 2.258499057342609}
{"Losses/train_all_loss": 2.6739011742174625}
{"Losses/train_all_loss": 1.7051328271627426}
{"Losses/train_all_loss": 3.0985787759224572}
{"Losses/train_all_loss": 2.3684286369631686}
{"Losses/train_all_loss": 2.6739758600791297}
{"Losses/train_all_loss": 2.5393282348910966}
{"Losses/train_all_loss": 2.482824777563413}
{"Losses/train_all_loss": 11.166661068797112}
{"Losses/train_all_loss": 1.8831856374939282}
{"Losses/train_all_loss": 2.581707041710615}
{"Losses/train_all_loss": 2.8710101718703904}
{"Losses/train_all_loss": 8.126672635475794}
{"Losses/train_all_loss": 2.497166113307079}
{"Losses/train_all_loss": 2.9949008549253144}
{"Losses/train_all_loss": 2.6213456243276596}
{"Losses/train_all_loss": 2.071949355304241}
{"Losses/train_all_loss": 2.810316365212202}
{"Losses/train_all_loss": 3.4058278227845826}
{"Losses/train_all_loss": 1.7390160610278447}
